327,966217823,CPU0001,Compumax,Equipo de computo,cpu,2000000,Compumax Computer,CPU - Bodg50-9051-900-0017 GMR ESC   ,400SN39173,Campuslands,no asignado,Salon Sputnik
327,966217823,MON0001,Compumax,Equipo de computo,monitor,500000,Compumax Computer,Monitor - Bodg50-9051-900-0017 GMR ESC   ,COM2024CM21070723,Campuslands,no asignado,Salon Sputnik
327,966217823,TE0001,Compumax,Equipo de computo,teclado,80000,Compumax Computer,Teclado - Bodg50-9051-900-0017 GMR ESC   ,KBM130091706,Campuslands,no asignado,Salon Sputnik
327,966217823,MO0001,Compumax,Equipo de computo,mouse,32000,Compumax Computer,Mouse - Bodg50-9051-900-0017 GMR ESC   ,Sin serial ,Campuslands,no asignado,Salon Sputnik
327,966217823,CPU0002,Compumax,Equipo de computo,cpu,2500000,Compumax Computer,CPU - Bodg50-9051-900-0017 GMR ESC   ,400SN39208,Campuslands,no asignado,Salon Sputnik
327,966217823,MON0002,Compumax,Equipo de computo,monitor,500000,Compumax Computer,Monitor - Bodg50-9051-900-0017 GMR ESC   ,COM2024CM21070880,Campuslands,no asignado,Salon Sputnik
327,966217823,TE0002,Compumax,Equipo de computo,teclado,80000,Compumax Computer,Teclado - Bodg50-9051-900-0017 GMR ESC   ,KBM130090718,Campuslands,no asignado,Salon Sputnik
327,966217823,MO0002,Compumax,Equipo de computo,mouse,32000,Compumax Computer,Mouse - Bodg50-9051-900-0017 GMR ESC   ,Sin serial ,Campuslands,no asignado,Salon Sputnik
327,966217823,CPU0003,Compumax,Equipo de computo,cpu,2500000,Compumax Computer,CPU - Bodg50-9051-900-0017 GMR ESC   ,400SN39182,Campuslands,no asignado,Salon Sputnik
327,966217823,MON0003,Compumax,Equipo de computo,monitor,500000,Compumax Computer,Monitor - Bodg50-9051-900-0017 GMR ESC   ,COM2024CM21070018,Campuslands,no asignado,Salon Sputnik
327,966217823,TE0003,Compumax,Equipo de computo,teclado,80000,Compumax Computer,Teclado - Bodg50-9051-900-0017 GMR ESC   ,KBM130090717,Campuslands,no asignado,Salon Sputnik
327,966217823,MO0003,Compumax,Equipo de computo,mouse,32000,Compumax Computer,Mouse - Bodg50-9051-900-0017 GMR ESC   ,Sin serial ,Campuslands,no asignado,Salon Sputnik
327,966217823,CPU0004,Compumax,Equipo de computo,cpu,2500000,Compumax Computer,CPU - Bodg50-9051-900-0017 GMR ESC   ,400SN39190,Campuslands,no asignado,Salon Sputnik
327,966217823,MON0004,Compumax,Equipo de computo,monitor,500000,Compumax Computer,Monitor - Bodg50-9051-900-0017 GMR ESC   ,COM2024CM21070876,Campuslands,no asignado,Salon Sputnik
327,966217823,TE0004,Compumax,Equipo de computo,teclado,80000,Compumax Computer,Teclado - Bodg50-9051-900-0017 GMR ESC   ,KBM130090719,Campuslands,no asignado,Salon Sputnik
327,966217823,MO0004,Compumax,Equipo de computo,mouse,32000,Compumax Computer,Mouse - Bodg50-9051-900-0017 GMR ESC   ,Sin serial ,Campuslands,no asignado,Salon Sputnik
327,966217823,CPU0005,Compumax,Equipo de computo,cpu,2500000,Compumax Computer,CPU - Bodg50-9051-900-0017 GMR ESC   ,400SN39186,Campuslands,no asignado,Salon Sputnik
327,966217823,MON0005,Compumax,Equipo de computo,monitor,500000,Compumax Computer,Monitor - Bodg50-9051-900-0017 GMR ESC   ,COM2024CM21070838,Campuslands,no asignado,Salon Sputnik
327,966217823,TE0005,Compumax,Equipo de computo,teclado,80000,Compumax Computer,Teclado - Bodg50-9051-900-0017 GMR ESC   ,KBM130091718,Campuslands,no asignado,Salon Sputnik
327,966217823,MO0005,Compumax,Equipo de computo,mouse,32000,Compumax Computer,Mouse - Bodg50-9051-900-0017 GMR ESC   ,Sin serial ,Campuslands,no asignado,Salon Sputnik
327,966217823,CPU0006,Compumax,Equipo de computo,cpu,2500000,Compumax Computer,CPU - Bodg50-9051-900-0017 GMR ESC   ,400SN39198,Campuslands,no asignado,Salon Sputnik
327,966217823,MON0006,Compumax,Equipo de computo,monitor,500000,Compumax Computer,Monitor - Bodg50-9051-900-0017 GMR ESC   ,COM2024CM21070638,Campuslands,no asignado,Salon Sputnik
327,966217823,TE0006,Compumax,Equipo de computo,teclado,80000,Compumax Computer,Teclado - Bodg50-9051-900-0017 GMR ESC   ,KBM130091719,Campuslands,no asignado,Salon Sputnik
327,966217823,MO0006,Compumax,Equipo de computo,mouse,32000,Compumax Computer,Mouse - Bodg50-9051-900-0017 GMR ESC   ,Sin serial ,Campuslands,no asignado,Salon Sputnik
327,966217823,CPU0007,Compumax,Equipo de computo,cpu,2500000,Compumax Computer,CPU - Bodg50-9051-900-0017 GMR ESC   ,102SN55107,Campuslands,no asignado,Salon Sputnik
327,966217823,MON0007,Compumax,Equipo de computo,monitor,500000,Compumax Computer,Monitor - Bodg50-9051-900-0017 GMR ESC   ,COM2024CM21070037,Campuslands,no asignado,Salon Sputnik
327,966217823,TE0007,Compumax,Equipo de computo,teclado,80000,Compumax Computer,Teclado - Bodg50-9051-900-0017 GMR ESC   ,KBM130091731,Campuslands,no asignado,Salon Sputnik
327,966217823,MO0007,Compumax,Equipo de computo,mouse,32000,Compumax Computer,Mouse - Bodg50-9051-900-0017 GMR ESC   ,Sin serial ,Campuslands,no asignado,Salon Sputnik
327,966217823,CPU0008,Compumax,Equipo de computo,cpu,2500000,Compumax Computer,CPU - Bodg50-9051-900-0017 GMR ESC   ,102SN55106,Campuslands,no asignado,Salon Sputnik
327,966217823,MON0008,Compumax,Equipo de computo,monitor,500000,Compumax Computer,Monitor - Bodg50-9051-900-0017 GMR ESC   ,COM2024CM21070115,Campuslands,no asignado,Salon Sputnik
327,966217823,TE0008,Compumax,Equipo de computo,teclado,80000,Compumax Computer,Teclado - Bodg50-9051-900-0017 GMR ESC   ,KBM130091732,Campuslands,no asignado,Salon Sputnik
327,966217823,MO0008,Compumax,Equipo de computo,mouse,32000,Compumax Computer,Mouse - Bodg50-9051-900-0017 GMR ESC   ,Sin serial ,Campuslands,no asignado,Salon Sputnik
327,966217823,CPU0009,Compumax,Equipo de computo,cpu,2500000,Compumax Computer,CPU - Bodg50-9051-900-0017 GMR ESC   ,400SN39204,Campuslands,no asignado,Salon Sputnik
327,966217823,MON0009,Compumax,Equipo de computo,monitor,500000,Compumax Computer,Monitor - Bodg50-9051-900-0017 GMR ESC   ,COM2024CM21070874,Campuslands,no asignado,Salon Sputnik
327,966217823,TE0009,Compumax,Equipo de computo,teclado,80000,Compumax Computer,Teclado - Bodg50-9051-900-0017 GMR ESC   ,KBM130090731,Campuslands,no asignado,Salon Sputnik
327,966217823,MO0009,Compumax,Equipo de computo,mouse,32000,Compumax Computer,Mouse - Bodg50-9051-900-0017 GMR ESC   ,Sin serial ,Campuslands,no asignado,Salon Sputnik
327,966217823,CPU0010,Compumax,Equipo de computo,cpu,2500000,Compumax Computer,CPU - Bodg50-9051-900-0017 GMR ESC   ,400SN39214,Campuslands,no asignado,Salon Sputnik
327,966217823,MON0010,Compumax,Equipo de computo,monitor,500000,Compumax Computer,Monitor - Bodg50-9051-900-0017 GMR ESC   ,COM2024CM21070105,Campuslands,no asignado,Salon Sputnik
327,966217823,TE0010,Compumax,Equipo de computo,teclado,80000,Compumax Computer,Teclado - Bodg50-9051-900-0017 GMR ESC   ,KBM130090732,Campuslands,no asignado,Salon Sputnik
327,966217823,MO0010,Compumax,Equipo de computo,mouse,32000,Compumax Computer,Mouse - Bodg50-9051-900-0017 GMR ESC   ,Sin serial ,Campuslands,no asignado,Salon Sputnik
327,966217823,CPU0011,Compumax,Equipo de computo,cpu,2500000,Compumax Computer,CPU - Bodg50-9051-900-0017 GMR ESC   ,400SN39189,Campuslands,no asignado,Salon Sputnik
327,966217823,MON0011,Compumax,Equipo de computo,monitor,500000,Compumax Computer,Monitor - Bodg50-9051-900-0017 GMR ESC   ,COM2024CM21070010,Campuslands,no asignado,Salon Sputnik
327,966217823,TE0011,Compumax,Equipo de computo,teclado,80000,Compumax Computer,Teclado - Bodg50-9051-900-0017 GMR ESC   ,KBM130091733,Campuslands,no asignado,Salon Sputnik
327,966217823,MO0011,Compumax,Equipo de computo,mouse,32000,Compumax Computer,Mouse - Bodg50-9051-900-0017 GMR ESC   ,Sin serial ,Campuslands,no asignado,Salon Sputnik
327,966217823,CPU0012,Compumax,Equipo de computo,cpu,2500000,Compumax Computer,CPU - Bodg50-9051-900-0017 GMR ESC   ,400SN39223,Campuslands,no asignado,Salon Sputnik
327,966217823,MON0012,Compumax,Equipo de computo,monitor,500000,Compumax Computer,Monitor - Bodg50-9051-900-0017 GMR ESC   ,COM2024CM21070109,Campuslands,no asignado,Salon Sputnik
327,966217823,TE0012,Compumax,Equipo de computo,teclado,80000,Compumax Computer,Teclado - Bodg50-9051-900-0017 GMR ESC   ,KBM130090703,Campuslands,no asignado,Salon Sputnik
327,966217823,MO0012,Compumax,Equipo de computo,mouse,32000,Compumax Computer,Mouse - Bodg50-9051-900-0017 GMR ESC   ,Sin serial ,Campuslands,no asignado,Salon Sputnik
327,966217823,CPU0013,Compumax,Equipo de computo,cpu,2500000,Compumax Computer,CPU - Bodg50-9051-900-0017 GMR ESC   ,400SN39229,Campuslands,no asignado,Salon Sputnik
327,966217823,MON0013,Compumax,Equipo de computo,monitor,500000,Compumax Computer,Monitor - Bodg50-9051-900-0017 GMR ESC   ,COM2024CM21070502,Campuslands,no asignado,Salon Sputnik
327,966217823,TE0013,Compumax,Equipo de computo,teclado,80000,Compumax Computer,Teclado - Bodg50-9051-900-0017 GMR ESC   ,KBM130090708,Campuslands,no asignado,Salon Sputnik
327,966217823,MO0013,Compumax,Equipo de computo,mouse,32000,Compumax Computer,Mouse - Bodg50-9051-900-0017 GMR ESC   ,Sin serial ,Campuslands,no asignado,Salon Sputnik
327,966217823,CPU0014,Compumax,Equipo de computo,cpu,2500000,Compumax Computer,CPU - Bodg50-9051-900-0017 GMR ESC   ,400SN39178,Campuslands,no asignado,Salon Sputnik
327,966217823,MON0014,Compumax,Equipo de computo,monitor,500000,Compumax Computer,Monitor - Bodg50-9051-900-0017 GMR ESC   ,COM2024CM21070136,Campuslands,no asignado,Salon Sputnik
327,966217823,TE0014,Compumax,Equipo de computo,teclado,80000,Compumax Computer,Teclado - Bodg50-9051-900-0017 GMR ESC   ,KBM130091708,Campuslands,no asignado,Salon Sputnik
327,966217823,MO0014,Compumax,Equipo de computo,mouse,32000,Compumax Computer,Mouse - Bodg50-9051-900-0017 GMR ESC   ,Sin serial ,Campuslands,no asignado,Salon Sputnik
327,966217823,CPU0015,Compumax,Equipo de computo,cpu,2500000,Compumax Computer,CPU - Bodg50-9051-900-0017 GMR ESC   ,400SN39196,Campuslands,no asignado,Salon Sputnik
327,966217823,MON0015,Compumax,Equipo de computo,monitor,500000,Compumax Computer,Monitor - Bodg50-9051-900-0017 GMR ESC   ,COM2024CM21070001,Campuslands,no asignado,Salon Sputnik
327,966217823,TE0015,Compumax,Equipo de computo,teclado,80000,Compumax Computer,Teclado - Bodg50-9051-900-0017 GMR ESC   ,KBM130091707,Campuslands,no asignado,Salon Sputnik
327,966217823,MO0015,Compumax,Equipo de computo,mouse,32000,Compumax Computer,Mouse - Bodg50-9051-900-0017 GMR ESC   ,Sin serial ,Campuslands,no asignado,Salon Sputnik
327,966217823,CPU0016,Compumax,Equipo de computo,cpu,2500000,Compumax Computer,CPU - Bodg50-9051-900-0017 GMR ESC   ,102SN55081,Campuslands,no asignado,Salon Sputnik
327,966217823,MON0016,Compumax,Equipo de computo,monitor,500000,Compumax Computer,Monitor - Bodg50-9051-900-0017 GMR ESC   ,COM2024CM21070846,Campuslands,no asignado,Salon Sputnik
327,966217823,TE0016,Compumax,Equipo de computo,teclado,80000,Compumax Computer,Teclado - Bodg50-9051-900-0017 GMR ESC   ,KBM130090709,Campuslands,no asignado,Salon Sputnik
327,966217823,MO0016,Compumax,Equipo de computo,mouse,32000,Compumax Computer,Mouse - Bodg50-9051-900-0017 GMR ESC   ,Sin serial ,Campuslands,no asignado,Salon Sputnik
327,966217823,CPU0017,Compumax,Equipo de computo,cpu,2500000,Compumax Computer,CPU - Bodg50-9051-900-0017 GMR ESC   ,400SN39183,Campuslands,no asignado,Salon Sputnik
327,966217823,MON0017,Compumax,Equipo de computo,monitor,500000,Compumax Computer,Monitor - Bodg50-9051-900-0017 GMR ESC   ,COM2024CM21070211,Campuslands,no asignado,Salon Sputnik
327,966217823,TE0017,Compumax,Equipo de computo,teclado,80000,Compumax Computer,Teclado - Bodg50-9051-900-0017 GMR ESC   ,KBM130091709,Campuslands,no asignado,Salon Sputnik
327,966217823,MO0017,Compumax,Equipo de computo,mouse,32000,Compumax Computer,Mouse - Bodg50-9051-900-0017 GMR ESC   ,Sin serial ,Campuslands,no asignado,Salon Sputnik
327,966217823,CPU0018,Compumax,Equipo de computo,cpu,2500000,Compumax Computer,CPU - Bodg50-9051-900-0017 GMR ESC   ,102SN55098,Campuslands,no asignado,Salon Sputnik
327,966217823,MON0018,Compumax,Equipo de computo,monitor,500000,Compumax Computer,Monitor - Bodg50-9051-900-0017 GMR ESC   ,COM2024CM21070733,Campuslands,no asignado,Salon Sputnik
327,966217823,TE0018,Compumax,Equipo de computo,teclado,80000,Compumax Computer,Teclado - Bodg50-9051-900-0017 GMR ESC   ,KBM130090710,Campuslands,no asignado,Salon Sputnik
327,966217823,MO0018,Compumax,Equipo de computo,mouse,32000,Compumax Computer,Mouse - Bodg50-9051-900-0017 GMR ESC   ,Sin serial ,Campuslands,no asignado,Salon Sputnik
327,966217823,CPU0019,Compumax,Equipo de computo,cpu,2500000,Compumax Computer,CPU - Bodg50-9051-900-0017 GMR ESC   ,102SN55108,Campuslands,no asignado,Salon Sputnik
327,966217823,MON0019,Compumax,Equipo de computo,monitor,500000,Compumax Computer,Monitor - Bodg50-9051-900-0017 GMR ESC   ,COM2024CM21070287,Campuslands,no asignado,Salon Sputnik
327,966217823,TE0019,Compumax,Equipo de computo,teclado,80000,Compumax Computer,Teclado - Bodg50-9051-900-0017 GMR ESC   ,KBM130091748,Campuslands,no asignado,Salon Sputnik
327,966217823,MO0019,Compumax,Equipo de computo,mouse,32000,Compumax Computer,Mouse - Bodg50-9051-900-0017 GMR ESC   ,Sin serial ,Campuslands,no asignado,Salon Sputnik
327,966217823,CPU0020,Compumax,Equipo de computo,cpu,2500000,Compumax Computer,CPU - Bodg50-9051-900-0017 GMR ESC   ,400SN39224,Campuslands,no asignado,Salon Sputnik
327,966217823,MON0020,Compumax,Equipo de computo,monitor,500000,Compumax Computer,Monitor - Bodg50-9051-900-0017 GMR ESC   ,COM2024CM21070629,Campuslands,no asignado,Salon Sputnik
327,966217823,TE0020,Compumax,Equipo de computo,teclado,80000,Compumax Computer,Teclado - Bodg50-9051-900-0017 GMR ESC   ,KBM130090748,Campuslands,no asignado,Salon Sputnik
327,966217823,MO0020,Compumax,Equipo de computo,mouse,32000,Compumax Computer,Mouse - Bodg50-9051-900-0017 GMR ESC   ,,Campuslands,no asignado,Salon Sputnik
327,966217823,CPU0021,Compumax,Equipo de computo,cpu,2500000,Compumax Computer,CPU - Bodg50-9051-900-0017 GMR ESC   ,400SN39179,Campuslands,no asignado,Salon Sputnik
327,966217823,MON0021,Compumax,Equipo de computo,monitor,500000,Compumax Computer,Monitor - Bodg50-9051-900-0017 GMR ESC   ,COM2024CM21070188,Campuslands,no asignado,Salon Sputnik
327,966217823,TE0021,Compumax,Equipo de computo,teclado,80000,Compumax Computer,Teclado - Bodg50-9051-900-0017 GMR ESC   ,KBM130090749,Campuslands,no asignado,Salon Sputnik
327,966217823,MO0021,Compumax,Equipo de computo,mouse,32000,Compumax Computer,Mouse - Bodg50-9051-900-0017 GMR ESC   ,Sin serial ,Campuslands,no asignado,Salon Sputnik
327,966217823,CPU0022,Compumax,Equipo de computo,cpu,2500000,Compumax Computer,CPU - Bodg50-9051-900-0017 GMR ESC   ,102SN55092,Campuslands,no asignado,Salon Sputnik
327,966217823,MON0022,Compumax,Equipo de computo,monitor,500000,Compumax Computer,Monitor - Bodg50-9051-900-0017 GMR ESC   ,COM2024CM21070050,Campuslands,no asignado,Salon Sputnik
327,966217823,TE0022,Compumax,Equipo de computo,teclado,80000,Compumax Computer,Teclado - Bodg50-9051-900-0017 GMR ESC   ,KBM130090705,Campuslands,no asignado,Salon Sputnik
327,966217823,MO0022,Compumax,Equipo de computo,mouse,32000,Compumax Computer,Mouse - Bodg50-9051-900-0017 GMR ESC   ,Sin serial ,Campuslands,no asignado,Salon Sputnik
327,966217823,CPU0023,Compumax,Equipo de computo,cpu,2500000,Compumax Computer,CPU - Bodg50-9051-900-0017 GMR ESC   ,400SN39187,Campuslands,no asignado,Salon Sputnik
327,966217823,MON0023,Compumax,Equipo de computo,monitor,500000,Compumax Computer,Monitor - Bodg50-9051-900-0017 GMR ESC   ,COM2024CM21070663,Campuslands,no asignado,Salon Sputnik
327,966217823,TE0023,Compumax,Equipo de computo,teclado,80000,Compumax Computer,Teclado - Bodg50-9051-900-0017 GMR ESC   ,KBM130090733,Campuslands,no asignado,Salon Sputnik
327,966217823,MO0023,Compumax,Equipo de computo,mouse,32000,Compumax Computer,Mouse - Bodg50-9051-900-0017 GMR ESC   ,Sin serial ,Campuslands,no asignado,Salon Sputnik
327,966217823,CPU0024,Compumax,Equipo de computo,cpu,2500000,Compumax Computer,CPU - Bodg50-9051-900-0017 GMR ESC   ,400SN39200,Campuslands,no asignado,Salon Sputnik
327,966217823,MON0024,Compumax,Equipo de computo,monitor,500000,Compumax Computer,Monitor - Bodg50-9051-900-0017 GMR ESC   ,COM2024CM21070705,Campuslands,no asignado,Salon Sputnik
327,966217823,TE0024,Compumax,Equipo de computo,teclado,80000,Compumax Computer,Teclado - Bodg50-9051-900-0017 GMR ESC   ,KBM130091705,Campuslands,no asignado,Salon Sputnik
327,966217823,MO0024,Compumax,Equipo de computo,mouse,32000,Compumax Computer,Mouse - Bodg50-9051-900-0017 GMR ESC   ,Sin serial ,Campuslands,no asignado,Salon Sputnik
327,966217823,CPU0025,Compumax,Equipo de computo,cpu,2500000,Compumax Computer,CPU - Bodg50-9051-900-0017 GMR ESC   ,102SN55091,Campuslands,no asignado,Salon Sputnik
327,966217823,MON0025,Compumax,Equipo de computo,monitor,500000,Compumax Computer,Monitor - Bodg50-9051-900-0017 GMR ESC   ,COM2024CM21070754,Campuslands,no asignado,Salon Sputnik
327,966217823,TE0025,Compumax,Equipo de computo,teclado,80000,Compumax Computer,Teclado - Bodg50-9051-900-0017 GMR ESC   ,KBM130091701,Campuslands,no asignado,Salon Sputnik
327,966217823,MO0025,Compumax,Equipo de computo,mouse,32000,Compumax Computer,Mouse - Bodg50-9051-900-0017 GMR ESC   ,Sin serial ,Campuslands,no asignado,Salon Sputnik
327,966217823,CPU0026,Compumax,Equipo de computo,cpu,2500000,Compumax Computer,CPU - Bodg50-9051-900-0017 GMR ESC   ,400SN39237,Campuslands,no asignado,Salon Sputnik
327,966217823,MON0026,Compumax,Equipo de computo,monitor,500000,Compumax Computer,Monitor - Bodg50-9051-900-0017 GMR ESC   ,COM2024CM21070394,Campuslands,no asignado,Salon Sputnik
327,966217823,TE0026,Compumax,Equipo de computo,teclado,80000,Compumax Computer,Teclado - Bodg50-9051-900-0017 GMR ESC   ,KBM130091751,Campuslands,no asignado,Salon Sputnik
327,966217823,MO0026,Compumax,Equipo de computo,mouse,32000,Compumax Computer,Mouse - Bodg50-9051-900-0017 GMR ESC   ,Sin serial ,Campuslands,no asignado,Salon Sputnik
327,966217823,CPU0027,Compumax,Equipo de computo,cpu,2500000,Compumax Computer,CPU - Bodg50-9051-900-0017 GMR ESC   ,102SN55099,Campuslands,no asignado,Salon Sputnik
327,966217823,MON0027,Compumax,Equipo de computo,monitor,500000,Compumax Computer,Monitor - Bodg50-9051-900-0017 GMR ESC   ,COM2024CM21070683,Campuslands,no asignado,Salon Sputnik
327,966217823,TE0027,Compumax,Equipo de computo,teclado,80000,Compumax Computer,Teclado - Bodg50-9051-900-0017 GMR ESC   ,KBM130090751,Campuslands,no asignado,Salon Sputnik
327,966217823,MO0027,Compumax,Equipo de computo,mouse,32000,Compumax Computer,Mouse - Bodg50-9051-900-0017 GMR ESC   ,Sin serial ,Campuslands,no asignado,Salon Sputnik
327,966217823,CPU0028,Compumax,Equipo de computo,cpu,2500000,Compumax Computer,CPU - Bodg50-9051-900-0017 GMR ESC   ,400SN39184,Campuslands,no asignado,Salon Sputnik
327,966217823,MON0028,Compumax,Equipo de computo,monitor,500000,Compumax Computer,Monitor - Bodg50-9051-900-0017 GMR ESC   ,COM2024CM21070520,Campuslands,no asignado,Salon Sputnik
327,966217823,TE0028,Compumax,Equipo de computo,teclado,80000,Compumax Computer,Teclado - Bodg50-9051-900-0017 GMR ESC   ,KBM130091717,Campuslands,no asignado,Salon Sputnik
327,966217823,MO0028,Compumax,Equipo de computo,mouse,32000,Compumax Computer,Mouse - Bodg50-9051-900-0017 GMR ESC   ,Sin serial ,Campuslands,no asignado,Salon Sputnik
327,966217823,CPU0029,Compumax,Equipo de computo,cpu,2500000,Compumax Computer,CPU - Bodg50-9051-900-0017 GMR ESC   ,400SN39180,Campuslands,no asignado,Salon Sputnik
327,966217823,MON0029,Compumax,Equipo de computo,monitor,500000,Compumax Computer,Monitor - Bodg50-9051-900-0017 GMR ESC   ,COM2024CM21070374,Campuslands,no asignado,Salon Sputnik
327,966217823,TE0029,Compumax,Equipo de computo,teclado,80000,Compumax Computer,Teclado - Bodg50-9051-900-0017 GMR ESC   ,KBM130090704,Campuslands,no asignado,Salon Sputnik
327,966217823,MO0029,Compumax,Equipo de computo,mouse,32000,Compumax Computer,Mouse - Bodg50-9051-900-0017 GMR ESC   ,Sin serial ,Campuslands,no asignado,Salon Sputnik
327,966217823,CPU0030,Compumax,Equipo de computo,cpu,2500000,Compumax Computer,CPU - Bodg50-9051-900-0017 GMR ESC   ,400SN39199,Campuslands,no asignado,Salon Sputnik
327,966217823,MON0030,Compumax,Equipo de computo,monitor,500000,Compumax Computer,Monitor - Bodg50-9051-900-0017 GMR ESC   ,COM2024CM21070711,Campuslands,no asignado,Salon Sputnik
327,966217823,TE0030,Compumax,Equipo de computo,teclado,80000,Compumax Computer,Teclado - Bodg50-9051-900-0017 GMR ESC   ,KBM130091715,Campuslands,no asignado,Salon Sputnik
327,966217823,MO0030,Compumax,Equipo de computo,mouse,32000,Compumax Computer,Mouse - Bodg50-9051-900-0017 GMR ESC   ,Sin serial ,Campuslands,no asignado,Salon Sputnik
327,966217823,CPU0031,Compumax,Equipo de computo,cpu,2500000,Compumax Computer,CPU - Bodg50-9051-900-0017 GMR ESC   ,102SN55105,Campuslands,no asignado,Salon Sputnik
327,966217823,MON0031,Compumax,Equipo de computo,monitor,500000,Compumax Computer,Monitor - Bodg50-9051-900-0017 GMR ESC   ,COM2024CM21070043,Campuslands,no asignado,Salon Sputnik
327,966217823,TE0031,Compumax,Equipo de computo,teclado,80000,Compumax Computer,Teclado - Bodg50-9051-900-0017 GMR ESC   ,UD18J2C00169,Campuslands,no asignado,Salon Sputnik
327,966217823,MO0031,Compumax,Equipo de computo,mouse,32000,Compumax Computer,Mouse - Bodg50-9051-900-0017 GMR ESC   ,Sin serial ,Campuslands,no asignado,Salon Sputnik
327,966217823,CPU0032,Compumax,Equipo de computo,cpu,2500000,Compumax Computer,CPU - Bodg50-9051-900-0017 GMR ESC   ,102SN55097,Campuslands,no asignado,Salon Sputnik
327,966217823,MON0032,Compumax,Equipo de computo,monitor,500000,Compumax Computer,Monitor - Bodg50-9051-900-0017 GMR ESC   ,COM2024CM21070151,Campuslands,no asignado,Salon Sputnik
327,966217823,TE0032,Compumax,Equipo de computo,teclado,80000,Compumax Computer,Teclado - Bodg50-9051-900-0017 GMR ESC   ,KBM130090716,Campuslands,no asignado,Salon Sputnik
327,966217823,MO0032,Compumax,Equipo de computo,mouse,32000,Compumax Computer,Mouse - Bodg50-9051-900-0017 GMR ESC   ,Sin serial ,Campuslands,no asignado,Salon Sputnik
327,966217823,CPU0033,Compumax,Equipo de computo,cpu,2500000,Compumax Computer,CPU - Bodg50-9051-900-0017 GMR ESC   ,102SN55104,Campuslands,no asignado,Salon Sputnik
327,966217823,MON0033,Compumax,Equipo de computo,monitor,500000,Compumax Computer,Monitor - Bodg50-9051-900-0017 GMR ESC   ,COM2024CM21070127,Campuslands,no asignado,Salon Sputnik
327,966217823,TE0033,Compumax,Equipo de computo,teclado,80000,Compumax Computer,Teclado - Bodg50-9051-900-0017 GMR ESC   ,KBM130090715,Campuslands,no asignado,Salon Sputnik
327,966217823,MO0033,Compumax,Equipo de computo,mouse,32000,Compumax Computer,Mouse - Bodg50-9051-900-0017 GMR ESC   ,Sin serial ,Campuslands,no asignado,Salon Sputnik
327,966217823,CPU0034,Compumax,Equipo de computo,cpu,2500000,Compumax Computer,CPU - Bodg50-9051-900-0017 GMR ESC   ,102SN55084,Campuslands,no asignado,Salon Sputnik
327,966217823,MON0034,Compumax,Equipo de computo,monitor,500000,Compumax Computer,Monitor - Bodg50-9051-900-0017 GMR ESC   ,COM2024CM21070029,Campuslands,no asignado,Salon Sputnik
327,966217823,TE0034,Compumax,Equipo de computo,teclado,80000,Compumax Computer,Teclado - Bodg50-9051-900-0017 GMR ESC   ,KBM130091714,Campuslands,no asignado,Salon Sputnik
327,966217823,MO0034,Compumax,Equipo de computo,mouse,32000,Compumax Computer,Mouse - Bodg50-9051-900-0017 GMR ESC   ,Sin serial ,Campuslands,no asignado,Salon Sputnik
327,966217823,CPU0035,Compumax,Equipo de computo,cpu,2500000,Compumax Computer,CPU - Bodg50-9051-900-0017 GMR ESC   ,400SN39194,Campuslands,no asignado,Salon Sputnik
327,966217823,MON0035,Compumax,Equipo de computo,monitor,500000,Compumax Computer,Monitor - Bodg50-9051-900-0017 GMR ESC   ,COM2024CM21070135,Campuslands,no asignado,Salon Sputnik
327,966217823,TE0035,Compumax,Equipo de computo,teclado,80000,Compumax Computer,Teclado - Bodg50-9051-900-0017 GMR ESC   ,KBM130090714,Campuslands,no asignado,Salon Sputnik
327,966217823,MO0035,Compumax,Equipo de computo,mouse,32000,Compumax Computer,Mouse - Bodg50-9051-900-0017 GMR ESC   ,Sin serial ,Campuslands,no asignado,Salon Sputnik
327,966217823,CPU0036,Compumax,Equipo de computo,cpu,1700000,Compumax Computer,CPU-Bodg50-9048-900-0044 GMRESC R3,Sin serial ,Campuslands,no asignado,Salon Sputnik
327,966217823,CPU0037,Compumax,Equipo de computo,cpu,1700000,Compumax Computer,CPU-Bodg50-9048-900-0044 GMRESC R3,400SN39175,Campuslands,no asignado,Salon Apolo
327,966217823,MON0036,Compumax,Equipo de computo,monitor,600000,Compumax Computer,Monitor-Bodg50-9048-900-0044 GMRESC R3,COM2024CM21070257,Campuslands,no asignado,Salon Apolo
327,966217823,TE0036,Compumax,Equipo de computo,teclado,72000,Compumax Computer,Teclado-Bodg50-9048-900-0044 GMRESC R3,KBM130091739,Campuslands,no asignado,Salon Apolo
327,966217823,MO0036,Compumax,Equipo de computo,mouse,45000,Compumax Computer,Mouse-Bodg50-9048-900-0044 GMRESC R3,Sin serial ,Campuslands,no asignado,Salon Apolo
327,966217823,CPU0038,Compumax,Equipo de computo,cpu,1700000,Compumax Computer,CPU-Bodg50-9048-900-0044 GMRESC R3,400SN39206,Campuslands,no asignado,Salon Apolo
327,966217823,MON0037,Compumax,Equipo de computo,monitor,600000,Compumax Computer,Monitor-Bodg50-9048-900-0044 GMRESC R3,COM2024CM21070609,Campuslands,no asignado,Salon Apolo
327,966217823,TE0037,Compumax,Equipo de computo,teclado,72000,Compumax Computer,Teclado-Bodg50-9048-900-0044 GMRESC R3,KBM130091743,Campuslands,no asignado,Salon Apolo
327,966217823,MO0037,Compumax,Equipo de computo,mouse,45000,Compumax Computer,Mouse-Bodg50-9048-900-0044 GMRESC R3,Sin serial ,Campuslands,no asignado,Salon Apolo
327,966217823,CPU0039,Compumax,Equipo de computo,cpu,1700000,Compumax Computer,CPU-Bodg50-9048-900-0044 GMRESC R3,400SN39212,Campuslands,no asignado,Salon Apolo
327,966217823,MON0038,Compumax,Equipo de computo,monitor,600000,Compumax Computer,Monitor-Bodg50-9048-900-0044 GMRESC R3,COM2024CM21070778,Campuslands,no asignado,Salon Apolo
327,966217823,TE0038,Compumax,Equipo de computo,teclado,72000,Compumax Computer,Teclado-Bodg50-9048-900-0044 GMRESC R3,KBM130090742,Campuslands,no asignado,Salon Apolo
327,966217823,MO0038,Compumax,Equipo de computo,mouse,45000,Compumax Computer,Mouse-Bodg50-9048-900-0044 GMRESC R3,Sin serial ,Campuslands,no asignado,Salon Apolo
327,966217823,CPU0040,Compumax,Equipo de computo,cpu,1700000,Compumax Computer,CPU-Bodg50-9048-900-0044 GMRESC R3,400SN39217,Campuslands,no asignado,Salon Apolo
327,966217823,MON0039,Compumax,Equipo de computo,monitor,600000,Compumax Computer,Monitor-Bodg50-9048-900-0044 GMRESC R3,COM2024CM21070069,Campuslands,no asignado,Salon Apolo
327,966217823,TE0039,Compumax,Equipo de computo,teclado,72000,Compumax Computer,Teclado-Bodg50-9048-900-0044 GMRESC R3,KBM130091742,Campuslands,no asignado,Salon Apolo
327,966217823,MO0039,Compumax,Equipo de computo,mouse,45000,Compumax Computer,Mouse-Bodg50-9048-900-0044 GMRESC R3,Sin serial ,Campuslands,no asignado,Salon Apolo
327,966217823,CPU0041,Compumax,Equipo de computo,cpu,1700000,Compumax Computer,CPU-Bodg50-9048-900-0044 GMRESC R3,400SN39203,Campuslands,no asignado,Salon Apolo
327,966217823,MON0040,Compumax,Equipo de computo,monitor,600000,Compumax Computer,Monitor-Bodg50-9048-900-0044 GMRESC R3,COM2024CM21070349,Campuslands,no asignado,Salon Apolo
327,966217823,TE0040,Compumax,Equipo de computo,teclado,72000,Compumax Computer,Teclado-Bodg50-9048-900-0044 GMRESC R3,KBM130090743,Campuslands,no asignado,Salon Apolo
327,966217823,MO0040,Compumax,Equipo de computo,mouse,45000,Compumax Computer,Mouse-Bodg50-9048-900-0044 GMRESC R3,Sin serial ,Campuslands,no asignado,Salon Apolo
327,966217823,CPU0042,Compumax,Equipo de computo,cpu,1700000,Compumax Computer,CPU-Bodg50-9048-900-0044 GMRESC R3,400SN39201,Campuslands,no asignado,Salon Apolo
327,966217823,MON0041,Compumax,Equipo de computo,monitor,600000,Compumax Computer,Monitor-Bodg50-9048-900-0044 GMRESC R3,COM2024CM21070004,Campuslands,no asignado,Salon Apolo
327,966217823,TE0041,Compumax,Equipo de computo,teclado,72000,Compumax Computer,Teclado-Bodg50-9048-900-0044 GMRESC R3,KBM130091710,Campuslands,no asignado,Salon Apolo
327,966217823,MO0041,Compumax,Equipo de computo,mouse,45000,Compumax Computer,Mouse-Bodg50-9048-900-0044 GMRESC R3,Sin serial ,Campuslands,no asignado,Salon Apolo
327,966217823,CPU0043,Compumax,Equipo de computo,cpu,1700000,Compumax Computer,CPU-Bodg50-9048-900-0044 GMRESC R3,400SN39207,Campuslands,no asignado,Salon Apolo
327,966217823,MON0042,Compumax,Equipo de computo,monitor,600000,Compumax Computer,Monitor-Bodg50-9048-900-0044 GMRESC R3,COM2024CM21070727,Campuslands,no asignado,Salon Apolo
327,966217823,TE0042,Compumax,Equipo de computo,teclado,72000,Compumax Computer,Teclado-Bodg50-9048-900-0044 GMRESC R3,KBM130090728,Campuslands,no asignado,Salon Apolo
327,966217823,MO0042,Compumax,Equipo de computo,mouse,45000,Compumax Computer,Mouse-Bodg50-9048-900-0044 GMRESC R3,Sin serial ,Campuslands,no asignado,Salon Apolo
327,966217823,CPU0044,Compumax,Equipo de computo,cpu,1700000,Compumax Computer,CPU-Bodg50-9048-900-0044 GMRESC R3,400SN39170,Campuslands,no asignado,Salon Apolo
327,966217823,MON0043,Compumax,Equipo de computo,monitor,600000,Compumax Computer,Monitor-Bodg50-9048-900-0044 GMRESC R3,COM2024CM21070063,Campuslands,no asignado,Salon Apolo
327,966217823,TE0043,Compumax,Equipo de computo,teclado,72000,Compumax Computer,Teclado-Bodg50-9048-900-0044 GMRESC R3,KBM130090729,Campuslands,no asignado,Salon Apolo
327,966217823,MO0043,Compumax,Equipo de computo,mouse,45000,Compumax Computer,Mouse-Bodg50-9048-900-0044 GMRESC R3,Sin serial ,Campuslands,no asignado,Salon Apolo
327,966217823,CPU0045,Compumax,Equipo de computo,cpu,1700000,Compumax Computer,CPU-Bodg50-9048-900-0044 GMRESC R3,400SN39193,Campuslands,no asignado,Salon Apolo
327,966217823,MON0044,Compumax,Equipo de computo,monitor,600000,Compumax Computer,Monitor-Bodg50-9048-900-0044 GMRESC R3,COM2024CM21070203,Campuslands,no asignado,Salon Apolo
327,966217823,TE0044,Compumax,Equipo de computo,teclado,72000,Compumax Computer,Teclado-Bodg50-9048-900-0044 GMRESC R3,KBM130091734,Campuslands,no asignado,Salon Apolo
327,966217823,MO0044,Compumax,Equipo de computo,mouse,45000,Compumax Computer,Mouse-Bodg50-9048-900-0044 GMRESC R3,Sin serial ,Campuslands,no asignado,Salon Apolo
327,966217823,CPU0046,Compumax,Equipo de computo,cpu,1700000,Compumax Computer,CPU-Bodg50-9048-900-0044 GMRESC R3,400SN39213,Campuslands,no asignado,Salon Apolo
327,966217823,MON0045,Compumax,Equipo de computo,monitor,600000,Compumax Computer,Monitor-Bodg50-9048-900-0044 GMRESC R3,COM2024CM21070517,Campuslands,no asignado,Salon Apolo
327,966217823,TE0045,Compumax,Equipo de computo,teclado,72000,Compumax Computer,Teclado-Bodg50-9048-900-0044 GMRESC R3,KBM130090735,Campuslands,no asignado,Salon Apolo
327,966217823,MO0045,Compumax,Equipo de computo,mouse,45000,Compumax Computer,Mouse-Bodg50-9048-900-0044 GMRESC R3,Sin serial ,Campuslands,no asignado,Salon Apolo
327,966217823,CPU0047,Compumax,Equipo de computo,cpu,1700000,Compumax Computer,CPU-Bodg50-9048-900-0044 GMRESC R3,400SN39197,Campuslands,no asignado,Salon Apolo
327,966217823,MON0046,Compumax,Equipo de computo,monitor,600000,Compumax Computer,Monitor-Bodg50-9048-900-0044 GMRESC R3,COM2024CM21070007,Campuslands,no asignado,Salon Apolo
327,966217823,TE0046,Compumax,Equipo de computo,teclado,72000,Compumax Computer,Teclado-Bodg50-9048-900-0044 GMRESC R3,KBM130090734,Campuslands,no asignado,Salon Apolo
327,966217823,MO0046,Compumax,Equipo de computo,mouse,45000,Compumax Computer,Mouse-Bodg50-9048-900-0044 GMRESC R3,Sin serial ,Campuslands,no asignado,Salon Apolo
327,966217823,CPU0048,Compumax,Equipo de computo,cpu,1700000,Compumax Computer,CPU-Bodg50-9048-900-0044 GMRESC R3,102SN55078,Campuslands,no asignado,Salon Apolo
327,966217823,MON0047,Compumax,Equipo de computo,monitor,600000,Compumax Computer,Monitor-Bodg50-9048-900-0044 GMRESC R3,COM2024CM21070008,Campuslands,no asignado,Salon Apolo
327,966217823,TE0047,Compumax,Equipo de computo,teclado,72000,Compumax Computer,Teclado-Bodg50-9048-900-0044 GMRESC R3,KBM130090750,Campuslands,no asignado,Salon Apolo
327,966217823,MO0047,Compumax,Equipo de computo,mouse,45000,Compumax Computer,Mouse-Bodg50-9048-900-0044 GMRESC R3,Sin serial ,Campuslands,no asignado,Salon Apolo
327,966217823,CPU0049,Compumax,Equipo de computo,cpu,1700000,Compumax Computer,CPU-Bodg50-9048-900-0044 GMRESC R3,102SN55085,Campuslands,no asignado,Salon Apolo
327,966217823,MON0048,Compumax,Equipo de computo,monitor,600000,Compumax Computer,Monitor-Bodg50-9048-900-0044 GMRESC R3,COM2024CM21070117,Campuslands,no asignado,Salon Apolo
327,966217823,TE0048,Compumax,Equipo de computo,teclado,72000,Compumax Computer,Teclado-Bodg50-9048-900-0044 GMRESC R3,KBM130091713,Campuslands,no asignado,Salon Apolo
327,966217823,MO0048,Compumax,Equipo de computo,mouse,45000,Compumax Computer,Mouse-Bodg50-9048-900-0044 GMRESC R3,Sin serial ,Campuslands,no asignado,Salon Apolo
327,966217823,CPU0050,Compumax,Equipo de computo,cpu,1700000,Compumax Computer,CPU-Bodg50-9048-900-0044 GMRESC R3,400SN39233,Campuslands,no asignado,Salon Apolo
327,966217823,MON0049,Compumax,Equipo de computo,monitor,600000,Compumax Computer,Monitor-Bodg50-9048-900-0044 GMRESC R3,COM2024CM21070277,Campuslands,no asignado,Salon Apolo
327,966217823,TE0049,Compumax,Equipo de computo,teclado,72000,Compumax Computer,Teclado-Bodg50-9048-900-0044 GMRESC R3,KBM130090713,Campuslands,no asignado,Salon Apolo
327,966217823,MO0049,Compumax,Equipo de computo,mouse,45000,Compumax Computer,Mouse-Bodg50-9048-900-0044 GMRESC R3,Sin serial ,Campuslands,no asignado,Salon Apolo
327,966217823,CPU0051,Compumax,Equipo de computo,cpu,1700000,Compumax Computer,CPU-Bodg50-9048-900-0044 GMRESC R3,102SN55082,Campuslands,no asignado,Salon Apolo
327,966217823,MON0050,Compumax,Equipo de computo,monitor,600000,Compumax Computer,Monitor-Bodg50-9048-900-0044 GMRESC R3,COM2024CM21070406,Campuslands,no asignado,Salon Apolo
327,966217823,TE0050,Compumax,Equipo de computo,teclado,72000,Compumax Computer,Teclado-Bodg50-9048-900-0044 GMRESC R3,KBM130091712,Campuslands,no asignado,Salon Apolo
327,966217823,MO0050,Compumax,Equipo de computo,mouse,45000,Compumax Computer,Mouse-Bodg50-9048-900-0044 GMRESC R3,Sin serial ,Campuslands,no asignado,Salon Apolo
327,966217823,CPU0052,Compumax,Equipo de computo,cpu,1700000,Compumax Computer,CPU-Bodg50-9048-900-0044 GMRESC R3,102SN55101,Campuslands,no asignado,Salon Apolo
327,966217823,MON0051,Compumax,Equipo de computo,monitor,600000,Compumax Computer,Monitor-Bodg50-9048-900-0044 GMRESC R3,COM2024CM21070557,Campuslands,no asignado,Salon Apolo
327,966217823,TE0051,Compumax,Equipo de computo,teclado,72000,Compumax Computer,Teclado-Bodg50-9048-900-0044 GMRESC R3,KBM130091711,Campuslands,no asignado,Salon Apolo
327,966217823,MO0051,Compumax,Equipo de computo,mouse,45000,Compumax Computer,Mouse-Bodg50-9048-900-0044 GMRESC R3,Sin serial ,Campuslands,no asignado,Salon Apolo
327,966217823,CPU0053,Compumax,Equipo de computo,cpu,1700000,Compumax Computer,CPU-Bodg50-9048-900-0044 GMRESC R3,400SN39192,Campuslands,no asignado,Salon Apolo
327,966217823,MON0052,Compumax,Equipo de computo,monitor,600000,Compumax Computer,Monitor-Bodg50-9048-900-0044 GMRESC R3,COM2024CM21070853,Campuslands,no asignado,Salon Apolo
327,966217823,TE0052,Compumax,Equipo de computo,teclado,72000,Compumax Computer,Teclado-Bodg50-9048-900-0044 GMRESC R3,KBM130090712,Campuslands,no asignado,Salon Apolo
327,966217823,MO0052,Compumax,Equipo de computo,mouse,45000,Compumax Computer,Mouse-Bodg50-9048-900-0044 GMRESC R3,Sin serial ,Campuslands,no asignado,Salon Apolo
327,966217823,CPU0054,Compumax,Equipo de computo,cpu,1700000,Compumax Computer,CPU-Bodg50-9048-900-0044 GMRESC R3,400SN39181,Campuslands,no asignado,Salon Apolo
327,966217823,MON0053,Compumax,Equipo de computo,monitor,600000,Compumax Computer,Monitor-Bodg50-9048-900-0044 GMRESC R3,COM2024CM21070893,Campuslands,no asignado,Salon Apolo
327,966217823,TE0053,Compumax,Equipo de computo,teclado,72000,Compumax Computer,Teclado-Bodg50-9048-900-0044 GMRESC R3,KBM130090711,Campuslands,no asignado,Salon Apolo
327,966217823,MO0053,Compumax,Equipo de computo,mouse,45000,Compumax Computer,Mouse-Bodg50-9048-900-0044 GMRESC R3,Sin serial ,Campuslands,no asignado,Salon Apolo
327,966217823,CPU0055,Compumax,Equipo de computo,cpu,1700000,Compumax Computer,CPU-Bodg50-9048-900-0044 GMRESC R3,400SN39195,Campuslands,no asignado,Salon Apolo
327,966217823,MON0054,Compumax,Equipo de computo,monitor,600000,Compumax Computer,Monitor-Bodg50-9048-900-0044 GMRESC R3,COM2024CM21070898,Campuslands,no asignado,Salon Apolo
327,966217823,TE0054,Compumax,Equipo de computo,teclado,72000,Compumax Computer,Teclado-Bodg50-9048-900-0044 GMRESC R3,KBM130091741,Campuslands,no asignado,Salon Apolo
327,966217823,MO0054,Compumax,Equipo de computo,mouse,45000,Compumax Computer,Mouse-Bodg50-9048-900-0044 GMRESC R3,Sin serial ,Campuslands,no asignado,Salon Apolo
327,966217823,CPU0056,Compumax,Equipo de computo,cpu,1700000,Compumax Computer,CPU-Bodg50-9048-900-0044 GMRESC R3,400SN39232,Campuslands,no asignado,Salon Apolo
327,966217823,MON0055,Compumax,Equipo de computo,monitor,600000,Compumax Computer,Monitor-Bodg50-9048-900-0044 GMRESC R3,COM2024CM21070400,Campuslands,no asignado,Salon Apolo
327,966217823,TE0055,Compumax,Equipo de computo,teclado,72000,Compumax Computer,Teclado-Bodg50-9048-900-0044 GMRESC R3,KBM130091740,Campuslands,no asignado,Salon Apolo
327,966217823,MO0055,Compumax,Equipo de computo,mouse,45000,Compumax Computer,Mouse-Bodg50-9048-900-0044 GMRESC R3,Sin serial ,Campuslands,no asignado,Salon Apolo
327,966217823,CPU0057,Compumax,Equipo de computo,cpu,1700000,Compumax Computer,CPU-Bodg50-9048-900-0044 GMRESC R3,400SN39231,Campuslands,no asignado,Salon Apolo
327,966217823,MON0056,Compumax,Equipo de computo,monitor,600000,Compumax Computer,Monitor-Bodg50-9048-900-0044 GMRESC R3,COM2024CM21070761,Campuslands,no asignado,Salon Apolo
327,966217823,TE0056,Compumax,Equipo de computo,teclado,72000,Compumax Computer,Teclado-Bodg50-9048-900-0044 GMRESC R3,KBM130090739,Campuslands,no asignado,Salon Apolo
327,966217823,MO0056,Compumax,Equipo de computo,mouse,45000,Compumax Computer,Mouse-Bodg50-9048-900-0044 GMRESC R3,Sin serial ,Campuslands,no asignado,Salon Apolo
327,966217823,CPU0058,Compumax,Equipo de computo,cpu,1700000,Compumax Computer,CPU-Bodg50-9048-900-0044 GMRESC R3,400SN39171,Campuslands,no asignado,Salon Apolo
327,966217823,MON0057,Compumax,Equipo de computo,monitor,600000,Compumax Computer,Monitor-Bodg50-9048-900-0044 GMRESC R3,COM2024CM21070534,Campuslands,no asignado,Salon Apolo
327,966217823,TE0057,Compumax,Equipo de computo,teclado,72000,Compumax Computer,Teclado-Bodg50-9048-900-0044 GMRESC R3,KBM130090741,Campuslands,no asignado,Salon Apolo
327,966217823,MO0057,Compumax,Equipo de computo,mouse,45000,Compumax Computer,Mouse-Bodg50-9048-900-0044 GMRESC R3,Sin serial ,Campuslands,no asignado,Salon Apolo
327,966217823,CPU0059,Compumax,Equipo de computo,cpu,1700000,Compumax Computer,CPU-Bodg50-9048-900-0044 GMRESC R3,400SN39220,Campuslands,no asignado,Salon Apolo
327,966217823,MON0058,Compumax,Equipo de computo,monitor,600000,Compumax Computer,Monitor-Bodg50-9048-900-0044 GMRESC R3,COM2024CM21070017,Campuslands,no asignado,Salon Apolo
327,966217823,TE0058,Compumax,Equipo de computo,teclado,72000,Compumax Computer,Teclado-Bodg50-9048-900-0044 GMRESC R3,KBM130091750,Campuslands,no asignado,Salon Apolo
327,966217823,MO0058,Compumax,Equipo de computo,mouse,45000,Compumax Computer,Mouse-Bodg50-9048-900-0044 GMRESC R3,Sin serial ,Campuslands,no asignado,Salon Apolo
327,966217823,CPU0060,Compumax,Equipo de computo,cpu,1700000,Compumax Computer,CPU-Bodg50-9048-900-0044 GMRESC R3,102SN55100,Campuslands,no asignado,Salon Apolo
327,966217823,MON0059,Compumax,Equipo de computo,monitor,600000,Compumax Computer,Monitor-Bodg50-9048-900-0044 GMRESC R3,COM2024CM21070281,Campuslands,no asignado,Salon Apolo
327,966217823,TE0059,Compumax,Equipo de computo,teclado,72000,Compumax Computer,Teclado-Bodg50-9048-900-0044 GMRESC R3,KBM130091749,Campuslands,no asignado,Salon Apolo
327,966217823,MO0059,Compumax,Equipo de computo,mouse,45000,Compumax Computer,Mouse-Bodg50-9048-900-0044 GMRESC R3,Sin serial ,Campuslands,no asignado,Salon Apolo
327,966217823,CPU0061,Compumax,Equipo de computo,cpu,1700000,Compumax Computer,CPU-Bodg50-9048-900-0044 GMRESC R3,400SN39236,Campuslands,no asignado,Salon Apolo
327,966217823,MON0060,Compumax,Equipo de computo,monitor,600000,Compumax Computer,Monitor-Bodg50-9048-900-0044 GMRESC R3,COM2024CM21070205,Campuslands,no asignado,Salon Apolo
327,966217823,TE0060,Compumax,Equipo de computo,teclado,72000,Compumax Computer,Teclado-Bodg50-9048-900-0044 GMRESC R3,KBM130090740,Campuslands,no asignado,Salon Apolo
327,966217823,MO0060,Compumax,Equipo de computo,mouse,45000,Compumax Computer,Mouse-Bodg50-9048-900-0044 GMRESC R3,Sin serial ,Campuslands,no asignado,Salon Apolo
327,966217823,CPU0062,Compumax,Equipo de computo,cpu,1700000,Compumax Computer,CPU-Bodg50-9048-900-0044 GMRESC R3,400SN39216,Campuslands,no asignado,Salon Apolo
327,966217823,MON0061,Compumax,Equipo de computo,monitor,600000,Compumax Computer,Monitor-Bodg50-9048-900-0044 GMRESC R3,COM2024CM21070041,Campuslands,no asignado,Salon Apolo
327,966217823,TE0061,Compumax,Equipo de computo,teclado,72000,Compumax Computer,Teclado-Bodg50-9048-900-0044 GMRESC R3,KBM130091728,Campuslands,no asignado,Salon Apolo
327,966217823,MO0061,Compumax,Equipo de computo,mouse,45000,Compumax Computer,Mouse-Bodg50-9048-900-0044 GMRESC R3,Sin serial ,Campuslands,no asignado,Salon Apolo
327,966217823,CPU0063,Compumax,Equipo de computo,cpu,1700000,Compumax Computer,CPU-Bodg50-9048-900-0044 GMRESC R3,400SN39176,Campuslands,no asignado,Salon Apolo
327,966217823,MON0062,Compumax,Equipo de computo,monitor,600000,Compumax Computer,Monitor-Bodg50-9048-900-0044 GMRESC R3,COM2024CM21070712,Campuslands,no asignado,Salon Apolo
327,966217823,TE0062,Compumax,Equipo de computo,teclado,72000,Compumax Computer,Teclado-Bodg50-9048-900-0044 GMRESC R3,KBM130090727,Campuslands,no asignado,Salon Apolo
327,966217823,MO0062,Compumax,Equipo de computo,mouse,45000,Compumax Computer,Mouse-Bodg50-9048-900-0044 GMRESC R3,Sin serial ,Campuslands,no asignado,Salon Apolo
327,966217823,CPU0064,Compumax,Equipo de computo,cpu,1700000,Compumax Computer,CPU-Bodg50-9048-900-0044 GMRESC R3,102SN55077,Campuslands,no asignado,Salon Apolo
327,966217823,MON0063,Compumax,Equipo de computo,monitor,600000,Compumax Computer,Monitor-Bodg50-9048-900-0044 GMRESC R3,COM2024CM21070129,Campuslands,no asignado,Salon Apolo
327,966217823,TE0063,Compumax,Equipo de computo,teclado,72000,Compumax Computer,Teclado-Bodg50-9048-900-0044 GMRESC R3,KBM130091727,Campuslands,no asignado,Salon Apolo
327,966217823,MO0063,Compumax,Equipo de computo,mouse,45000,Compumax Computer,Mouse-Bodg50-9048-900-0044 GMRESC R3,Sin serial ,Campuslands,no asignado,Salon Apolo
327,966217823,CPU0065,Compumax,Equipo de computo,cpu,1700000,Compumax Computer,CPU-Bodg50-9048-900-0044 GMRESC R3,400SN39211,Campuslands,no asignado,Salon Apolo
327,966217823,MON0064,Compumax,Equipo de computo,monitor,600000,Compumax Computer,Monitor-Bodg50-9048-900-0044 GMRESC R3,COM2024CM21070140,Campuslands,no asignado,Salon Apolo
327,966217823,TE0064,Compumax,Equipo de computo,teclado,72000,Compumax Computer,Teclado-Bodg50-9048-900-0044 GMRESC R3,KBM130091726,Campuslands,no asignado,Salon Apolo
327,966217823,MO0064,Compumax,Equipo de computo,mouse,45000,Compumax Computer,Mouse-Bodg50-9048-900-0044 GMRESC R3,Sin serial ,Campuslands,no asignado,Salon Apolo
327,966217823,CPU0066,Compumax,Equipo de computo,cpu,1700000,Compumax Computer,CPU-Bodg50-9048-900-0044 GMRESC R3,400SN39219,Campuslands,no asignado,Salon Apolo
327,966217823,MON0065,Compumax,Equipo de computo,monitor,600000,Compumax Computer,Monitor-Bodg50-9048-900-0044 GMRESC R3,COM2024CM21070316,Campuslands,no asignado,Salon Apolo
327,966217823,TE0065,Compumax,Equipo de computo,teclado,72000,Compumax Computer,Teclado-Bodg50-9048-900-0044 GMRESC R3,KBM130090725,Campuslands,no asignado,Salon Apolo
327,966217823,MO0065,Compumax,Equipo de computo,mouse,45000,Compumax Computer,Mouse-Bodg50-9048-900-0044 GMRESC R3,Sin serial ,Campuslands,no asignado,Salon Apolo
327,966217823,CPU0067,Compumax,Equipo de computo,cpu,1700000,Compumax Computer,CPU-Bodg50-9048-900-0044 GMRESC R3,102SN55093,Campuslands,no asignado,Salon Apolo
327,966217823,MON0066,Compumax,Equipo de computo,monitor,600000,Compumax Computer,Monitor-Bodg50-9048-900-0044 GMRESC R3,COM2024CM21070153,Campuslands,no asignado,Salon Apolo
327,966217823,TE0066,Compumax,Equipo de computo,teclado,72000,Compumax Computer,Teclado-Bodg50-9048-900-0044 GMRESC R3,KBM130090726,Campuslands,no asignado,Salon Apolo
327,966217823,MO0066,Compumax,Equipo de computo,mouse,45000,Compumax Computer,Mouse-Bodg50-9048-900-0044 GMRESC R3,Sin serial ,Campuslands,no asignado,Salon Apolo
327,966217823,CPU0068,Compumax,Equipo de computo,cpu,1700000,Compumax Computer,CPU-Bodg50-9048-900-0044 GMRESC R3,400SN39210,Campuslands,no asignado,Salon Apolo
327,966217823,MON0067,Compumax,Equipo de computo,monitor,600000,Compumax Computer,Monitor-Bodg50-9048-900-0044 GMRESC R3,COM2024CM21070744,Campuslands,no asignado,Salon Apolo
327,966217823,TE0067,Compumax,Equipo de computo,teclado,72000,Compumax Computer,Teclado-Bodg50-9048-900-0044 GMRESC R3,KBM130091752,Campuslands,no asignado,Salon Apolo
327,966217823,MO0067,Compumax,Equipo de computo,mouse,45000,Compumax Computer,Mouse-Bodg50-9048-900-0044 GMRESC R3,Sin serial ,Campuslands,no asignado,Salon Apolo
327,966217823,CPU0069,Compumax,Equipo de computo,cpu,1700000,Compumax Computer,CPU-Bodg50-9048-900-0044 GMRESC R3,400SN39168,Campuslands,no asignado,Salon Apolo
327,966217823,MON0068,Compumax,Equipo de computo,monitor,600000,Compumax Computer,Monitor-Bodg50-9048-900-0044 GMRESC R3,COM2024CM21070830,Campuslands,no asignado,Salon Apolo
327,966217823,TE0068,Compumax,Equipo de computo,teclado,72000,Compumax Computer,Teclado-Bodg50-9048-900-0044 GMRESC R3,KBM130090753,Campuslands,no asignado,Salon Apolo
327,966217823,MO0068,Compumax,Equipo de computo,mouse,45000,Compumax Computer,Mouse-Bodg50-9048-900-0044 GMRESC R3,Sin serial ,Campuslands,no asignado,Salon Apolo
327,966217823,CPU0070,Compumax,Equipo de computo,cpu,1700000,Compumax Computer,CPU-Bodg50-9048-900-0044 GMRESC R3,400SN39191,Campuslands,no asignado,Salon Apolo
327,966217823,MON0069,Compumax,Equipo de computo,monitor,600000,Compumax Computer,Monitor-Bodg50-9048-900-0044 GMRESC R3,COM2024CM21070407,Campuslands,no asignado,Salon Apolo
327,966217823,TE0069,Compumax,Equipo de computo,teclado,72000,Compumax Computer,Teclado-Bodg50-9048-900-0044 GMRESC R3,KBM130091753,Campuslands,no asignado,Salon Apolo
327,966217823,MO0069,Compumax,Equipo de computo,mouse,45000,Compumax Computer,Mouse-Bodg50-9048-900-0044 GMRESC R3,Sin serial ,Campuslands,no asignado,Salon Apolo
327,966217823,CPU0071,Compumax,Equipo de computo,cpu,1700000,Compumax Computer,CPU-Bodg50-9048-900-0044 GMRESC R3,102SN55080,Campuslands,no asignado,Salon Artemis 
327,966217823,MON0070,Compumax,Equipo de computo,monitor,600000,Compumax Computer,Monitor-Bodg50-9048-900-0044 GMRESC R3,COM2024CM21070498,Campuslands,no asignado,Salon Artemis 
327,966217823,TE0070,Compumax,Equipo de computo,teclado,72000,Compumax Computer,Teclado-Bodg50-9048-900-0044 GMRESC R3,KBM130090722,Campuslands,no asignado,Salon Artemis 
327,966217823,MO0070,Compumax,Equipo de computo,mouse,45000,Compumax Computer,Mouse-Bodg50-9048-900-0044 GMRESC R3,Sin serial ,Campuslands,no asignado,Salon Artemis 
327,966217823,CPU0072,Compumax,Equipo de computo,cpu,1700000,Compumax Computer,CPU-Bodg50-9048-900-0044 GMRESC R3,400SN39221,Campuslands,no asignado,Salon Artemis 
327,966217823,MON0071,Compumax,Equipo de computo,monitor,600000,Compumax Computer,Monitor-Bodg50-9048-900-0044 GMRESC R3,COM2024CM21070464,Campuslands,no asignado,Salon Artemis 
327,966217823,TE0071,Compumax,Equipo de computo,teclado,72000,Compumax Computer,Teclado-Bodg50-9048-900-0044 GMRESC R3,KBM130090723,Campuslands,no asignado,Salon Artemis 
327,966217823,MO0071,Compumax,Equipo de computo,mouse,45000,Compumax Computer,Mouse-Bodg50-9048-900-0044 GMRESC R3,Sin serial ,Campuslands,no asignado,Salon Artemis 
327,966217823,CPU0073,Compumax,Equipo de computo,cpu,1700000,Compumax Computer,CPU-Bodg50-9048-900-0044 GMRESC R3,400SN39230,Campuslands,no asignado,Salon Artemis 
327,966217823,MON0072,Compumax,Equipo de computo,monitor,600000,Compumax Computer,Monitor-Bodg50-9048-900-0044 GMRESC R3,COM2024CM21070504,Campuslands,no asignado,Salon Artemis 
327,966217823,TE0072,Compumax,Equipo de computo,teclado,72000,Compumax Computer,Teclado-Bodg50-9048-900-0044 GMRESC R3,KBM130091725,Campuslands,no asignado,Salon Artemis 
327,966217823,MO0072,Compumax,Equipo de computo,mouse,45000,Compumax Computer,Mouse-Bodg50-9048-900-0044 GMRESC R3,Sin serial ,Campuslands,no asignado,Salon Artemis 
327,966217823,CPU0074,Compumax,Equipo de computo,cpu,1700000,Compumax Computer,CPU-Bodg50-9048-900-0044 GMRESC R3,102SN55089,Campuslands,no asignado,Salon Artemis 
327,966217823,MON0073,Compumax,Equipo de computo,monitor,600000,Compumax Computer,Monitor-Bodg50-9048-900-0044 GMRESC R3,COM2024CM21070338,Campuslands,no asignado,Salon Artemis 
327,966217823,TE0073,Compumax,Equipo de computo,teclado,72000,Compumax Computer,Teclado-Bodg50-9048-900-0044 GMRESC R3,KBM130091737,Campuslands,no asignado,Salon Artemis 
327,966217823,MO0073,Compumax,Equipo de computo,mouse,45000,Compumax Computer,Mouse-Bodg50-9048-900-0044 GMRESC R3,Sin serial ,Campuslands,no asignado,Salon Artemis 
327,966217823,CPU0075,Compumax,Equipo de computo,cpu,1700000,Compumax Computer,CPU-Bodg50-9048-900-0044 GMRESC R3,400SN39202,Campuslands,no asignado,Salon Artemis 
327,966217823,MON0074,Compumax,Equipo de computo,monitor,600000,Compumax Computer,Monitor-Bodg50-9048-900-0044 GMRESC R3,COM2024CM21070759,Campuslands,no asignado,Salon Artemis 
327,966217823,TE0074,Compumax,Equipo de computo,teclado,72000,Compumax Computer,Teclado-Bodg50-9048-900-0044 GMRESC R3,KBM130091702,Campuslands,no asignado,Salon Artemis 
327,966217823,MO0074,Compumax,Equipo de computo,mouse,45000,Compumax Computer,Mouse-Bodg50-9048-900-0044 GMRESC R3,Sin serial ,Campuslands,no asignado,Salon Artemis 
327,966217823,CPU0076,Compumax,Equipo de computo,cpu,1700000,Compumax Computer,CPU-Bodg50-9048-900-0044 GMRESC R3,102SN55088,Campuslands,no asignado,Salon Artemis 
327,966217823,MON0075,Compumax,Equipo de computo,monitor,600000,Compumax Computer,Monitor-Bodg50-9048-900-0044 GMRESC R3,COM2024CM21070817,Campuslands,no asignado,Salon Artemis 
327,966217823,TE0075,Compumax,Equipo de computo,teclado,72000,Compumax Computer,Teclado-Bodg50-9048-900-0044 GMRESC R3,KBM130090737,Campuslands,no asignado,Salon Artemis 
327,966217823,MO0075,Compumax,Equipo de computo,mouse,45000,Compumax Computer,Mouse-Bodg50-9048-900-0044 GMRESC R3,Sin serial ,Campuslands,no asignado,Salon Artemis 
327,966217823,CPU0077,Compumax,Equipo de computo,cpu,1700000,Compumax Computer,CPU-Bodg50-9048-900-0044 GMRESC R3,400SN39226,Campuslands,no asignado,Salon Artemis 
327,966217823,MON0076,Compumax,Equipo de computo,monitor,600000,Compumax Computer,Monitor-Bodg50-9048-900-0044 GMRESC R3,COM2024CM21070280,Campuslands,no asignado,Salon Artemis 
327,966217823,TE0076,Compumax,Equipo de computo,teclado,72000,Compumax Computer,Teclado-Bodg50-9048-900-0044 GMRESC R3,KBM130090706,Campuslands,no asignado,Salon Artemis 
327,966217823,MO0076,Compumax,Equipo de computo,mouse,45000,Compumax Computer,Mouse-Bodg50-9048-900-0044 GMRESC R3,Sin serial ,Campuslands,no asignado,Salon Artemis 
327,966217823,CPU0078,Compumax,Equipo de computo,cpu,1700000,Compumax Computer,CPU-Bodg50-9048-900-0044 GMRESC R3,400SN39235,Campuslands,no asignado,Salon Artemis 
327,966217823,MON0077,Compumax,Equipo de computo,monitor,600000,Compumax Computer,Monitor-Bodg50-9048-900-0044 GMRESC R3,COM2024CM21070668,Campuslands,no asignado,Salon Artemis 
327,966217823,TE0077,Compumax,Equipo de computo,teclado,72000,Compumax Computer,Teclado-Bodg50-9048-900-0044 GMRESC R3,KBM130090707,Campuslands,no asignado,Salon Artemis 
327,966217823,MO0077,Compumax,Equipo de computo,mouse,45000,Compumax Computer,Mouse-Bodg50-9048-900-0044 GMRESC R3,Sin serial ,Campuslands,no asignado,Salon Artemis 
327,966217823,CPU0079,Compumax,Equipo de computo,cpu,1700000,Compumax Computer,CPU-Bodg50-9048-900-0044 GMRESC R3,400SN39188,Campuslands,no asignado,Salon Artemis 
327,966217823,MON0078,Compumax,Equipo de computo,monitor,600000,Compumax Computer,Monitor-Bodg50-9048-900-0044 GMRESC R3,COM2024CM21070138,Campuslands,no asignado,Salon Artemis 
327,966217823,TE0078,Compumax,Equipo de computo,teclado,72000,Compumax Computer,Teclado-Bodg50-9048-900-0044 GMRESC R3,KBM130091729,Campuslands,no asignado,Salon Artemis 
327,966217823,MO0078,Compumax,Equipo de computo,mouse,45000,Compumax Computer,Mouse-Bodg50-9048-900-0044 GMRESC R3,Sin serial ,Campuslands,no asignado,Salon Artemis 
327,966217823,CPU0080,Compumax,Equipo de computo,cpu,1700000,Compumax Computer,CPU-Bodg50-9048-900-0044 GMRESC R3,400SN39209,Campuslands,no asignado,Salon Artemis 
327,966217823,MON0079,Compumax,Equipo de computo,monitor,600000,Compumax Computer,Monitor-Bodg50-9048-900-0044 GMRESC R3,COM2024CM21070451,Campuslands,no asignado,Salon Artemis 
327,966217823,TE0079,Compumax,Equipo de computo,teclado,72000,Compumax Computer,Teclado-Bodg50-9048-900-0044 GMRESC R3,KBM130090730,Campuslands,no asignado,Salon Artemis 
327,966217823,MO0079,Compumax,Equipo de computo,mouse,45000,Compumax Computer,Mouse-Bodg50-9048-900-0044 GMRESC R3,Sin serial ,Campuslands,no asignado,Salon Artemis 
327,966217823,CPU0081,Compumax,Equipo de computo,cpu,1700000,Compumax Computer,CPU-Bodg50-9048-900-0044 GMRESC R3,102SN55110,Campuslands,no asignado,Salon Artemis 
327,966217823,MON0080,Compumax,Equipo de computo,monitor,600000,Compumax Computer,Monitor-Bodg50-9048-900-0044 GMRESC R3,COM2024CM21070012,Campuslands,no asignado,Salon Artemis 
327,966217823,TE0080,Compumax,Equipo de computo,teclado,72000,Compumax Computer,Teclado-Bodg50-9048-900-0044 GMRESC R3,KBM130091730,Campuslands,no asignado,Salon Artemis 
327,966217823,MO0080,Compumax,Equipo de computo,mouse,45000,Compumax Computer,Mouse-Bodg50-9048-900-0044 GMRESC R3,Sin serial ,Campuslands,no asignado,Salon Artemis 
327,966217823,CPU0082,Compumax,Equipo de computo,cpu,1700000,Compumax Computer,CPU-Bodg50-9048-900-0044 GMRESC R3,102SN55109,Campuslands,no asignado,Salon Artemis 
327,966217823,MON0081,Compumax,Equipo de computo,monitor,600000,Compumax Computer,Monitor-Bodg50-9048-900-0044 GMRESC R3,COM2024CM21070786,Campuslands,no asignado,Salon Artemis 
327,966217823,TE0081,Compumax,Equipo de computo,teclado,72000,Compumax Computer,Teclado-Bodg50-9048-900-0044 GMRESC R3,KBM130090296,Campuslands,no asignado,Salon Artemis 
327,966217823,MO0081,Compumax,Equipo de computo,mouse,45000,Compumax Computer,Mouse-Bodg50-9048-900-0044 GMRESC R3,Sin serial ,Campuslands,no asignado,Salon Artemis 
327,966217823,CPU0083,Compumax,Equipo de computo,cpu,1700000,Compumax Computer,CPU-Bodg50-9048-900-0044 GMRESC R3,102SN55103,Campuslands,no asignado,Salon Artemis 
327,966217823,MON0082,Compumax,Equipo de computo,monitor,600000,Compumax Computer,Monitor-Bodg50-9048-900-0044 GMRESC R3,COM2024CM21070515,Campuslands,no asignado,Salon Artemis 
327,966217823,TE0082,Compumax,Equipo de computo,teclado,72000,Compumax Computer,Teclado-Bodg50-9048-900-0044 GMRESC R3,KBM130090724,Campuslands,no asignado,Salon Artemis 
327,966217823,MO0082,Compumax,Equipo de computo,mouse,45000,Compumax Computer,Mouse-Bodg50-9048-900-0044 GMRESC R3,Sin serial ,Campuslands,no asignado,Salon Artemis 
327,966217823,CPU0084,Compumax,Equipo de computo,cpu,1700000,Compumax Computer,CPU-Bodg50-9048-900-0044 GMRESC R3,400SN39222,Campuslands,no asignado,Salon Artemis 
327,966217823,MON0083,Compumax,Equipo de computo,monitor,600000,Compumax Computer,Monitor-Bodg50-9048-900-0044 GMRESC R3,COM2024CM21070386,Campuslands,no asignado,Salon Artemis 
327,966217823,TE0083,Compumax,Equipo de computo,teclado,72000,Compumax Computer,Teclado-Bodg50-9048-900-0044 GMRESC R3,KBM130091724,Campuslands,no asignado,Salon Artemis 
327,966217823,MO0083,Compumax,Equipo de computo,mouse,45000,Compumax Computer,Mouse-Bodg50-9048-900-0044 GMRESC R3,Sin serial ,Campuslands,no asignado,Salon Artemis 
327,966217823,CPU0085,Compumax,Equipo de computo,cpu,1700000,Compumax Computer,CPU-Bodg50-9048-900-0044 GMRESC R3,102SN55090,Campuslands,no asignado,Salon Artemis 
327,966217823,MON0084,Compumax,Equipo de computo,monitor,600000,Compumax Computer,Monitor-Bodg50-9048-900-0044 GMRESC R3,COM2024CM21070777,Campuslands,no asignado,Salon Artemis 
327,966217823,TE0084,Compumax,Equipo de computo,teclado,72000,Compumax Computer,Teclado-Bodg50-9048-900-0044 GMRESC R3,KBM130091723,Campuslands,no asignado,Salon Artemis 
327,966217823,MO0084,Compumax,Equipo de computo,mouse,45000,Compumax Computer,Mouse-Bodg50-9048-900-0044 GMRESC R3,Sin serial ,Campuslands,no asignado,Salon Artemis 
327,966217823,CPU0086,Compumax,Equipo de computo,cpu,1700000,Compumax Computer,CPU-Bodg50-9048-900-0044 GMRESC R3,102SN55076,Campuslands,no asignado,Salon Artemis 
327,966217823,MON0085,Compumax,Equipo de computo,monitor,600000,Compumax Computer,Monitor-Bodg50-9048-900-0044 GMRESC R3,COM2024CM21070025,Campuslands,no asignado,Salon Artemis 
327,966217823,TE0085,Compumax,Equipo de computo,teclado,72000,Compumax Computer,Teclado-Bodg50-9048-900-0044 GMRESC R3,KBM130091720,Campuslands,no asignado,Salon Artemis 
327,966217823,MO0085,Compumax,Equipo de computo,mouse,45000,Compumax Computer,Mouse-Bodg50-9048-900-0044 GMRESC R3,Sin serial ,Campuslands,no asignado,Salon Artemis 
327,966217823,CPU0087,Compumax,Equipo de computo,cpu,1700000,Compumax Computer,CPU-Bodg50-9048-900-0044 GMRESC R3,400SN39225,Campuslands,no asignado,Salon Artemis 
327,966217823,MON0086,Compumax,Equipo de computo,monitor,600000,Compumax Computer,Monitor-Bodg50-9048-900-0044 GMRESC R3,COM2024CM21070137,Campuslands,no asignado,Salon Artemis 
327,966217823,TE0086,Compumax,Equipo de computo,teclado,72000,Compumax Computer,Teclado-Bodg50-9048-900-0044 GMRESC R3,KBM130090747,Campuslands,no asignado,Salon Artemis 
327,966217823,MO0086,Compumax,Equipo de computo,mouse,45000,Compumax Computer,Mouse-Bodg50-9048-900-0044 GMRESC R3,Sin serial ,Campuslands,no asignado,Salon Artemis 
327,966217823,CPU0088,Compumax,Equipo de computo,cpu,1700000,Compumax Computer,CPU-Bodg50-9048-900-0044 GMRESC R3,102SN55094,Campuslands,no asignado,Salon Artemis 
327,966217823,MON0087,Compumax,Equipo de computo,monitor,600000,Compumax Computer,Monitor-Bodg50-9048-900-0044 GMRESC R3,COM2024CM21070565,Campuslands,no asignado,Salon Artemis 
327,966217823,TE0087,Compumax,Equipo de computo,teclado,72000,Compumax Computer,Teclado-Bodg50-9048-900-0044 GMRESC R3,KBM130091736,Campuslands,no asignado,Salon Artemis 
327,966217823,MO0087,Compumax,Equipo de computo,mouse,45000,Compumax Computer,Mouse-Bodg50-9048-900-0044 GMRESC R3,Sin serial ,Campuslands,no asignado,Salon Artemis 
327,966217823,CPU0089,Compumax,Equipo de computo,cpu,1700000,Compumax Computer,CPU-Bodg50-9048-900-0044 GMRESC R3,400SN39228,Campuslands,no asignado,Salon Artemis 
327,966217823,MON0088,Compumax,Equipo de computo,monitor,600000,Compumax Computer,Monitor-Bodg50-9048-900-0044 GMRESC R3,COM2024CM21070574,Campuslands,no asignado,Salon Artemis 
327,966217823,TE0088,Compumax,Equipo de computo,teclado,72000,Compumax Computer,Teclado-Bodg50-9048-900-0044 GMRESC R3,KBM130090721,Campuslands,no asignado,Salon Artemis 
327,966217823,MO0088,Compumax,Equipo de computo,mouse,45000,Compumax Computer,Mouse-Bodg50-9048-900-0044 GMRESC R3,Sin serial ,Campuslands,no asignado,Salon Artemis 
327,966217823,CPU0090,Compumax,Equipo de computo,cpu,1700000,Compumax Computer,CPU-Bodg50-9048-900-0044 GMRESC R3,400SN39205,Campuslands,no asignado,Salon Artemis 
327,966217823,MON0089,Compumax,Equipo de computo,monitor,600000,Compumax Computer,Monitor-Bodg50-9048-900-0044 GMRESC R3,COM2024CM21070092,Campuslands,no asignado,Salon Artemis 
327,966217823,TE0089,Compumax,Equipo de computo,teclado,72000,Compumax Computer,Teclado-Bodg50-9048-900-0044 GMRESC R3,KBM130090720,Campuslands,no asignado,Salon Artemis 
327,966217823,MO0089,Compumax,Equipo de computo,mouse,45000,Compumax Computer,Mouse-Bodg50-9048-900-0044 GMRESC R3,Sin serial ,Campuslands,no asignado,Salon Artemis 
327,966217823,CPU0091,Compumax,Equipo de computo,cpu,1700000,Compumax Computer,CPU-Bodg50-9048-900-0044 GMRESC R3,102SN55087,Campuslands,no asignado,Salon Artemis 
327,966217823,MON0090,Compumax,Equipo de computo,monitor,600000,Compumax Computer,Monitor-Bodg50-9048-900-0044 GMRESC R3,COM2024CM21070318,Campuslands,no asignado,Salon Artemis 
327,966217823,TE0090,Compumax,Equipo de computo,teclado,72000,Compumax Computer,Teclado-Bodg50-9048-900-0044 GMRESC R3,KBM130091722,Campuslands,no asignado,Salon Artemis 
327,966217823,MO0090,Compumax,Equipo de computo,mouse,45000,Compumax Computer,Mouse-Bodg50-9048-900-0044 GMRESC R3,Sin serial ,Campuslands,no asignado,Salon Artemis 
327,966217823,CPU0092,Compumax,Equipo de computo,cpu,1700000,Compumax Computer,CPU-Bodg50-9048-900-0044 GMRESC R3,400SN39177,Campuslands,no asignado,Salon Artemis 
327,966217823,MON0091,Compumax,Equipo de computo,monitor,600000,Compumax Computer,Monitor-Bodg50-9048-900-0044 GMRESC R3,COM2024CM21070834,Campuslands,no asignado,Salon Artemis 
327,966217823,TE0091,Compumax,Equipo de computo,teclado,72000,Compumax Computer,Teclado-Bodg50-9048-900-0044 GMRESC R3,KBM130091721,Campuslands,no asignado,Salon Artemis 
327,966217823,MO0091,Compumax,Equipo de computo,mouse,45000,Compumax Computer,Mouse-Bodg50-9048-900-0044 GMRESC R3,Sin serial ,Campuslands,no asignado,Salon Artemis 
327,966217823,CPU0093,Compumax,Equipo de computo,cpu,1700000,Compumax Computer,CPU-Bodg50-9048-900-0044 GMRESC R3,102SN55102,Campuslands,no asignado,Salon Artemis 
327,966217823,MON0092,Compumax,Equipo de computo,monitor,600000,Compumax Computer,Monitor-Bodg50-9048-900-0044 GMRESC R3,COM2024CM21070199,Campuslands,no asignado,Salon Artemis 
327,966217823,TE0092,Compumax,Equipo de computo,teclado,72000,Compumax Computer,Teclado-Bodg50-9048-900-0044 GMRESC R3,KBM130090736,Campuslands,no asignado,Salon Artemis 
327,966217823,MO0092,Compumax,Equipo de computo,mouse,45000,Compumax Computer,Mouse-Bodg50-9048-900-0044 GMRESC R3,Sin serial ,Campuslands,no asignado,Salon Artemis 
327,966217823,CPU0094,Compumax,Equipo de computo,cpu,1700000,Compumax Computer,CPU-Bodg50-9048-900-0044 GMRESC R3,400SN39234,Campuslands,no asignado,Salon Artemis 
327,966217823,MON0093,Compumax,Equipo de computo,monitor,600000,Compumax Computer,Monitor-Bodg50-9048-900-0044 GMRESC R3,COM2024CM21070503,Campuslands,no asignado,Salon Artemis 
327,966217823,TE0093,Compumax,Equipo de computo,teclado,72000,Compumax Computer,Teclado-Bodg50-9048-900-0044 GMRESC R3,KBM130091738,Campuslands,no asignado,Salon Artemis 
327,966217823,MO0093,Compumax,Equipo de computo,mouse,45000,Compumax Computer,Mouse-Bodg50-9048-900-0044 GMRESC R3,Sin serial ,Campuslands,no asignado,Salon Artemis 
327,966217823,CPU0095,Compumax,Equipo de computo,cpu,1700000,Compumax Computer,CPU-Bodg50-9048-900-0044 GMRESC R3,400SN39174,Campuslands,no asignado,Salon Artemis 
327,966217823,MON0094,Compumax,Equipo de computo,monitor,600000,Compumax Computer,Monitor-Bodg50-9048-900-0044 GMRESC R3,COM2024CM21070236,Campuslands,no asignado,Salon Artemis 
327,966217823,TE0094,Compumax,Equipo de computo,teclado,72000,Compumax Computer,Teclado-Bodg50-9048-900-0044 GMRESC R3,KBM130090702,Campuslands,no asignado,Salon Artemis 
327,966217823,MO0094,Compumax,Equipo de computo,mouse,45000,Compumax Computer,Mouse-Bodg50-9048-900-0044 GMRESC R3,Sin serial ,Campuslands,no asignado,Salon Artemis 
327,966217823,CPU0096,Compumax,Equipo de computo,cpu,1700000,Compumax Computer,CPU-Bodg50-9048-900-0044 GMRESC R3,102SN55095,Campuslands,no asignado,Salon Artemis 
327,966217823,MON0095,Compumax,Equipo de computo,monitor,600000,Compumax Computer,Monitor-Bodg50-9048-900-0044 GMRESC R3,COM2024CM21070097,Campuslands,no asignado,Salon Artemis 
327,966217823,TE0095,Compumax,Equipo de computo,teclado,72000,Compumax Computer,Teclado-Bodg50-9048-900-0044 GMRESC R3,KBM130091745,Campuslands,no asignado,Salon Artemis 
327,966217823,MO0095,Compumax,Equipo de computo,mouse,45000,Compumax Computer,Mouse-Bodg50-9048-900-0044 GMRESC R3,Sin serial ,Campuslands,no asignado,Salon Artemis 
327,966217823,CPU0097,Compumax,Equipo de computo,cpu,1700000,Compumax Computer,CPU-Bodg50-9048-900-0044 GMRESC R3,102SN55086,Campuslands,no asignado,Salon Artemis 
327,966217823,MON0096,Compumax,Equipo de computo,monitor,600000,Compumax Computer,Monitor-Bodg50-9048-900-0044 GMRESC R3,COM2024CM21070239,Campuslands,no asignado,Salon Artemis 
327,966217823,TE0096,Compumax,Equipo de computo,teclado,72000,Compumax Computer,Teclado-Bodg50-9048-900-0044 GMRESC R3,KBM130090746,Campuslands,no asignado,Salon Artemis 
327,966217823,MO0096,Compumax,Equipo de computo,mouse,45000,Compumax Computer,Mouse-Bodg50-9048-900-0044 GMRESC R3,Sin serial ,Campuslands,no asignado,Salon Artemis 
327,966217823,CPU0098,Compumax,Equipo de computo,cpu,1700000,Compumax Computer,CPU-Bodg50-9048-900-0044 GMRESC R3,400SN39172,Campuslands,no asignado,Salon Artemis 
327,966217823,MON0097,Compumax,Equipo de computo,monitor,600000,Compumax Computer,Monitor-Bodg50-9048-900-0044 GMRESC R3,COM2024CM21070442,Campuslands,no asignado,Salon Artemis 
327,966217823,TE0097,Compumax,Equipo de computo,teclado,72000,Compumax Computer,Teclado-Bodg50-9048-900-0044 GMRESC R3,KBM130091746,Campuslands,no asignado,Salon Artemis 
327,966217823,MO0097,Compumax,Equipo de computo,mouse,45000,Compumax Computer,Mouse-Bodg50-9048-900-0044 GMRESC R3,Sin serial ,Campuslands,no asignado,Salon Artemis 
327,966217823,CPU0099,Compumax,Equipo de computo,cpu,1700000,Compumax Computer,CPU-Bodg50-9048-900-0044 GMRESC R3,102SN55083,Campuslands,no asignado,Salon Artemis 
327,966217823,MON0098,Compumax,Equipo de computo,monitor,600000,Compumax Computer,Monitor-Bodg50-9048-900-0044 GMRESC R3,COM2024CM21070223,Campuslands,no asignado,Salon Artemis 
327,966217823,TE0098,Compumax,Equipo de computo,teclado,72000,Compumax Computer,Teclado-Bodg50-9048-900-0044 GMRESC R3,KBM130091747,Campuslands,no asignado,Salon Artemis 
327,966217823,MO0098,Compumax,Equipo de computo,mouse,45000,Compumax Computer,Mouse-Bodg50-9048-900-0044 GMRESC R3,Sin serial ,Campuslands,no asignado,Salon Artemis 
327,966217823,CPU0100,Compumax,Equipo de computo,cpu,1700000,Compumax Computer,CPU-Bodg50-9048-900-0044 GMRESC R3,400SN39215,Campuslands,no asignado,Salon Artemis 
327,966217823,MON0099,Compumax,Equipo de computo,monitor,600000,Compumax Computer,Monitor-Bodg50-9048-900-0044 GMRESC R3,COM2024CM21070482,Campuslands,no asignado,Salon Artemis 
327,966217823,TE0099,Compumax,Equipo de computo,teclado,72000,Compumax Computer,Teclado-Bodg50-9048-900-0044 GMRESC R3,KBM130091744,Campuslands,no asignado,Salon Artemis 
327,966217823,MO0099,Compumax,Equipo de computo,mouse,45000,Compumax Computer,Mouse-Bodg50-9048-900-0044 GMRESC R3,Sin serial ,Campuslands,no asignado,Salon Artemis 
327,966217823,CPU0101,Compumax,Equipo de computo,cpu,1700000,Compumax Computer,CPU-Bodg50-9048-900-0044 GMRESC R3,400SN39227,Campuslands,no asignado,Salon Artemis 
327,966217823,MON0100,Compumax,Equipo de computo,monitor,600000,Compumax Computer,Monitor-Bodg50-9048-900-0044 GMRESC R3,COM2024CM21070844,Campuslands,no asignado,Salon Artemis 
327,966217823,TE0100,Compumax,Equipo de computo,teclado,72000,Compumax Computer,Teclado-Bodg50-9048-900-0044 GMRESC R3,KBM130090744,Campuslands,no asignado,Salon Artemis 
327,966217823,MO0100,Compumax,Equipo de computo,mouse,45000,Compumax Computer,Mouse-Bodg50-9048-900-0044 GMRESC R3,Sin serial ,Campuslands,no asignado,Salon Artemis 
327,966217823,CPU0102,Compumax,Equipo de computo,cpu,1700000,Compumax Computer,CPU-Bodg50-9048-900-0044 GMRESC R3,400SN39169,Campuslands,no asignado,Salon Artemis 
327,966217823,MON0101,Compumax,Equipo de computo,monitor,600000,Compumax Computer,Monitor-Bodg50-9048-900-0044 GMRESC R3,COM2024CM21070418,Campuslands,no asignado,Salon Artemis 
327,966217823,TE0101,Compumax,Equipo de computo,teclado,72000,Compumax Computer,Teclado-Bodg50-9048-900-0044 GMRESC R3,KBM130090752,Campuslands,no asignado,Salon Artemis 
327,966217823,MO0101,Compumax,Equipo de computo,mouse,45000,Compumax Computer,Mouse-Bodg50-9048-900-0044 GMRESC R3,Sin serial ,Campuslands,no asignado,Salon Artemis 
327,966217823,CPU0103,Compumax,Equipo de computo,cpu,2000000,Compumax Computer,CPU - Bodg50 - 4051 -900 - 0005R5,500SN32576,Campuslands,no asignado,Salon Skylab
327,966217823,MON0102,Compumax,Equipo de computo,monitor,700000,Compumax Computer,Monitor - Bodg50 - 4051 -900 - 0005R5,COM2024CM21070597,Campuslands,no asignado,Salon Skylab
327,966217823,TE0102,Compumax,Equipo de computo,teclado,60000,Compumax Computer,Teclado - Bodg50 - 4051 -900 - 0005R5,CK440U-10923,Campuslands,no asignado,Salon Skylab
327,966217823,MO0102,Compumax,Equipo de computo,mouse,50000,Compumax Computer,Mouse - Bodg50 - 4051 -900 - 0005R5,Sin serial ,Campuslands,no asignado,Salon Skylab
327,966217823,CPU0104,Compumax,Equipo de computo,cpu,2000000,Compumax Computer,CPU - Bodg50 - 4051 -900 - 0005R5,500SN32598,Campuslands,no asignado,Salon Skylab
327,966217823,MON0103,Compumax,Equipo de computo,monitor,700000,Compumax Computer,Monitor - Bodg50 - 4051 -900 - 0005R5,COM2024CM21070864,Campuslands,no asignado,Salon Skylab
327,966217823,TE0103,Compumax,Equipo de computo,teclado,60000,Compumax Computer,Teclado - Bodg50 - 4051 -900 - 0005R5,CK440U-10924,Campuslands,no asignado,Salon Skylab
327,966217823,MO0103,Compumax,Equipo de computo,mouse,50000,Compumax Computer,Mouse - Bodg50 - 4051 -900 - 0005R5,Sin serial ,Campuslands,no asignado,Salon Skylab
327,966217823,CPU0105,Compumax,Equipo de computo,cpu,2000000,Compumax Computer,CPU - Bodg50 - 4051 -900 - 0005R5,500SN32557,Campuslands,no asignado,Salon Skylab
327,966217823,MON0104,Compumax,Equipo de computo,monitor,700000,Compumax Computer,Monitor - Bodg50 - 4051 -900 - 0005R5,COM2024CM21070602,Campuslands,no asignado,Salon Skylab
327,966217823,TE0104,Compumax,Equipo de computo,teclado,60000,Compumax Computer,Teclado - Bodg50 - 4051 -900 - 0005R5,CK440U-10925,Campuslands,no asignado,Salon Skylab
327,966217823,MO0104,Compumax,Equipo de computo,mouse,50000,Compumax Computer,Mouse - Bodg50 - 4051 -900 - 0005R5,Sin serial ,Campuslands,no asignado,Salon Skylab
327,966217823,CPU0106,Compumax,Equipo de computo,cpu,2000000,Compumax Computer,CPU - Bodg50 - 4051 -900 - 0005R5,500SN32564,Campuslands,no asignado,Salon Skylab
327,966217823,MON0105,Compumax,Equipo de computo,monitor,700000,Compumax Computer,Monitor - Bodg50 - 4051 -900 - 0005R5,COM2024CM21070823,Campuslands,no asignado,Salon Skylab
327,966217823,TE0105,Compumax,Equipo de computo,teclado,60000,Compumax Computer,Teclado - Bodg50 - 4051 -900 - 0005R5,CK440U-10926,Campuslands,no asignado,Salon Skylab
327,966217823,MO0105,Compumax,Equipo de computo,mouse,50000,Compumax Computer,Mouse - Bodg50 - 4051 -900 - 0005R5,Sin serial ,Campuslands,no asignado,Salon Skylab
327,966217823,CPU0107,Compumax,Equipo de computo,cpu,2000000,Compumax Computer,CPU - Bodg50 - 4051 -900 - 0005R5,500SN32556,Campuslands,no asignado,Salon Skylab
327,966217823,MON0106,Compumax,Equipo de computo,monitor,700000,Compumax Computer,Monitor - Bodg50 - 4051 -900 - 0005R5,COM2024CM21070855,Campuslands,no asignado,Salon Skylab
327,966217823,TE0106,Compumax,Equipo de computo,teclado,60000,Compumax Computer,Teclado - Bodg50 - 4051 -900 - 0005R5,CK440U-10927,Campuslands,no asignado,Salon Skylab
327,966217823,MO0106,Compumax,Equipo de computo,mouse,50000,Compumax Computer,Mouse - Bodg50 - 4051 -900 - 0005R5,Sin serial ,Campuslands,no asignado,Salon Skylab
327,966217823,CPU0108,Compumax,Equipo de computo,cpu,2000000,Compumax Computer,CPU - Bodg50 - 4051 -900 - 0005R5,500SN32571,Campuslands,no asignado,Salon Skylab
327,966217823,MON0107,Compumax,Equipo de computo,monitor,700000,Compumax Computer,Monitor - Bodg50 - 4051 -900 - 0005R5,COM2024CM21070180,Campuslands,no asignado,Salon Skylab
327,966217823,TE0107,Compumax,Equipo de computo,teclado,60000,Compumax Computer,Teclado - Bodg50 - 4051 -900 - 0005R5,CK440U-10936,Campuslands,no asignado,Salon Skylab
327,966217823,MO0107,Compumax,Equipo de computo,mouse,50000,Compumax Computer,Mouse - Bodg50 - 4051 -900 - 0005R5,Sin serial ,Campuslands,no asignado,Salon Skylab
327,966217823,CPU0109,Compumax,Equipo de computo,cpu,2000000,Compumax Computer,CPU - Bodg50 - 4051 -900 - 0005R5,500SN32591,Campuslands,no asignado,Salon Skylab
327,966217823,MON0108,Compumax,Equipo de computo,monitor,700000,Compumax Computer,Monitor - Bodg50 - 4051 -900 - 0005R5,COM2024CM21070122,Campuslands,no asignado,Salon Skylab
327,966217823,TE0108,Compumax,Equipo de computo,teclado,60000,Compumax Computer,Teclado - Bodg50 - 4051 -900 - 0005R5,CK440U-10937,Campuslands,no asignado,Salon Skylab
327,966217823,MO0108,Compumax,Equipo de computo,mouse,50000,Compumax Computer,Mouse - Bodg50 - 4051 -900 - 0005R5,Sin serial ,Campuslands,no asignado,Salon Skylab
327,966217823,CPU0110,Compumax,Equipo de computo,cpu,2000000,Compumax Computer,CPU - Bodg50 - 4051 -900 - 0005R5,500SN32584,Campuslands,no asignado,Salon Skylab
327,966217823,MON0109,Compumax,Equipo de computo,monitor,700000,Compumax Computer,Monitor - Bodg50 - 4051 -900 - 0005R5,COM2024CM21070784,Campuslands,no asignado,Salon Skylab
327,966217823,TE0109,Compumax,Equipo de computo,teclado,60000,Compumax Computer,Teclado - Bodg50 - 4051 -900 - 0005R5,CK440U-10935,Campuslands,no asignado,Salon Skylab
327,966217823,MO0109,Compumax,Equipo de computo,mouse,50000,Compumax Computer,Mouse - Bodg50 - 4051 -900 - 0005R5,Sin serial ,Campuslands,no asignado,Salon Skylab
327,966217823,CPU0111,Compumax,Equipo de computo,cpu,2000000,Compumax Computer,CPU - Bodg50 - 4051 -900 - 0005R5,500SN32627,Campuslands,no asignado,Salon Skylab
327,966217823,MON0110,Compumax,Equipo de computo,monitor,700000,Compumax Computer,Monitor - Bodg50 - 4051 -900 - 0005R5,COM2024CM21070095,Campuslands,no asignado,Salon Skylab
327,966217823,TE0110,Compumax,Equipo de computo,teclado,60000,Compumax Computer,Teclado - Bodg50 - 4051 -900 - 0005R5,CK440U-10974,Campuslands,no asignado,Salon Skylab
327,966217823,MO0110,Compumax,Equipo de computo,mouse,70000,Compumax Computer,Mouse - Bodg50 - 4051 -900 -0005R5,Sin serial ,Campuslands,no asignado,Salon Skylab
327,966217823,CPU0112,Compumax,Equipo de computo,cpu,2000000,Compumax Computer,CPU - Bodg50 - 4051 -900 - 0005R5,500SN32621,Campuslands,no asignado,Salon Skylab
327,966217823,MON0111,Compumax,Equipo de computo,monitor,700000,Compumax Computer,Monitor - Bodg50 - 4051 -900 - 0005R5,COM2024CM21070221,Campuslands,no asignado,Salon Skylab
327,966217823,TE0111,Compumax,Equipo de computo,teclado,60000,Compumax Computer,Teclado - Bodg50 - 4051 -900 - 0005R5,CK440U-10932,Campuslands,no asignado,Salon Skylab
327,966217823,MO0111,Compumax,Equipo de computo,mouse,50000,Compumax Computer,Mouse - Bodg50 - 4051 -900 - 0005R5,Sin serial ,Campuslands,no asignado,Salon Skylab
327,966217823,CPU0113,Compumax,Equipo de computo,cpu,2000000,Compumax Computer,CPU - Bodg50 - 4051 -900 - 0005R5,500SN32588,Campuslands,no asignado,Salon Skylab
327,966217823,MON0112,Compumax,Equipo de computo,monitor,700000,Compumax Computer,Monitor - Bodg50 - 4051 -900 - 0005R5,COM2024CM21070836,Campuslands,no asignado,Salon Skylab
327,966217823,TE0112,Compumax,Equipo de computo,teclado,60000,Compumax Computer,Teclado - Bodg50 - 4051 -900 - 0005R5,CK440U-10934,Campuslands,no asignado,Salon Skylab
327,966217823,MO0112,Compumax,Equipo de computo,mouse,50000,Compumax Computer,Mouse - Bodg50 - 4051 -900 - 0005R5,Sin serial ,Campuslands,no asignado,Salon Skylab
327,966217823,CPU0114,Compumax,Equipo de computo,cpu,2000000,Compumax Computer,CPU - Bodg50 - 4051 -900 - 0005R5,500SN32626,Campuslands,no asignado,Salon Skylab
327,966217823,MON0113,Compumax,Equipo de computo,monitor,700000,Compumax Computer,Monitor - Bodg50 - 4051 -900 - 0005R5,COM2024CM21070776,Campuslands,no asignado,Salon Skylab
327,966217823,TE0113,Compumax,Equipo de computo,teclado,60000,Compumax Computer,Teclado - Bodg50 - 4051 -900 - 0005R5,CK440U-10933,Campuslands,no asignado,Salon Skylab
327,966217823,MO0113,Compumax,Equipo de computo,mouse,50000,Compumax Computer,Mouse - Bodg50 - 4051 -900 - 0005R5,Sin serial ,Campuslands,no asignado,Salon Skylab
327,966217823,CPU0115,Compumax,Equipo de computo,cpu,2000000,Compumax Computer,CPU - Bodg50 - 4051 -900 - 0005R5,500SN32596,Campuslands,no asignado,Salon Skylab
327,966217823,MON0114,Compumax,Equipo de computo,monitor,700000,Compumax Computer,Monitor - Bodg50 - 4051 -900 - 0005R5,COM2024CM21070605,Campuslands,no asignado,Salon Skylab
327,966217823,TE0114,Compumax,Equipo de computo,teclado,60000,Compumax Computer,Teclado - Bodg50 - 4051 -900 - 0005R5,CK440U-10928,Campuslands,no asignado,Salon Skylab
327,966217823,MO0114,Compumax,Equipo de computo,mouse,50000,Compumax Computer,Mouse - Bodg50 - 4051 -900 - 0005R5,Sin serial ,Campuslands,no asignado,Salon Skylab
327,966217823,CPU0116,Compumax,Equipo de computo,cpu,2000000,Compumax Computer,CPU - Bodg50 - 4051 -900 - 0005R5,500SN32567,Campuslands,no asignado,Salon Skylab
327,966217823,MON0115,Compumax,Equipo de computo,monitor,700000,Compumax Computer,Monitor - Bodg50 - 4051 -900 - 0005R5,COM2024CM21070511,Campuslands,no asignado,Salon Skylab
327,966217823,TE0115,Compumax,Equipo de computo,teclado,60000,Compumax Computer,Teclado - Bodg50 - 4051 -900 - 0005R5,CK440U-11024,Campuslands,no asignado,Salon Skylab
327,966217823,MO0115,Compumax,Equipo de computo,mouse,50000,Compumax Computer,Mouse - Bodg50 - 4051 -900 - 0005R5,Sin serial ,Campuslands,no asignado,Salon Skylab
327,966217823,CPU0117,Compumax,Equipo de computo,cpu,2000000,Compumax Computer,CPU - Bodg50 - 4051 -900 - 0005R5,500SN32585,Campuslands,no asignado,Salon Skylab
327,966217823,MON0116,Compumax,Equipo de computo,monitor,700000,Compumax Computer,Monitor - Bodg50 - 4051 -900 - 0005R5,COM2024CM21070408,Campuslands,no asignado,Salon Skylab
327,966217823,TE0116,Compumax,Equipo de computo,teclado,60000,Compumax Computer,Teclado - Bodg50 - 4051 -900 - 0005R5,CK440U-10931,Campuslands,no asignado,Salon Skylab
327,966217823,MO0116,Compumax,Equipo de computo,mouse,50000,Compumax Computer,Mouse - Bodg50 - 4051 -900 - 0005R5,Sin serial ,Campuslands,no asignado,Salon Skylab
327,966217823,CPU0118,Compumax,Equipo de computo,cpu,2000000,Compumax Computer,CPU - Bodg50 - 4051 -900 - 0005R5,500SN32572,Campuslands,no asignado,Salon Skylab
327,966217823,MON0117,Compumax,Equipo de computo,monitor,700000,Compumax Computer,Monitor - Bodg50 - 4051 -900 - 0005R5,COM2024CM21070209,Campuslands,no asignado,Salon Skylab
327,966217823,TE0117,Compumax,Equipo de computo,teclado,60000,Compumax Computer,Teclado - Bodg50 - 4051 -900 - 0005R5,CK440U-11023,Campuslands,no asignado,Salon Skylab
327,966217823,MO0117,Compumax,Equipo de computo,mouse,50000,Compumax Computer,Mouse - Bodg50 - 4051 -900 - 0005R5,Sin serial ,Campuslands,no asignado,Salon Skylab
327,966217823,CPU0119,Compumax,Equipo de computo,cpu,2000000,Compumax Computer,CPU - Bodg50 - 4051 -900 - 0005R5,500SN32599,Campuslands,no asignado,Salon Skylab
327,966217823,MON0118,Compumax,Equipo de computo,monitor,700000,Compumax Computer,Monitor - Bodg50 - 4051 -900 - 0005R5,COM2024CM21070285,Campuslands,no asignado,Salon Skylab
327,966217823,TE0118,Compumax,Equipo de computo,teclado,60000,Compumax Computer,Teclado - Bodg50 - 4051 -900 - 0005R5,CK440U-11026,Campuslands,no asignado,Salon Skylab
327,966217823,MO0118,Compumax,Equipo de computo,mouse,50000,Compumax Computer,Mouse - Bodg50 - 4051 -900 - 0005R5,Sin serial ,Campuslands,no asignado,Salon Skylab
327,966217823,CPU0120,Compumax,Equipo de computo,cpu,2000000,Compumax Computer,CPU - Bodg50 - 4051 -900 - 0005R5,500SN32581,Campuslands,no asignado,Salon Skylab
327,966217823,MON0119,Compumax,Equipo de computo,monitor,700000,Compumax Computer,Monitor - Bodg50 - 4051 -900 - 0005R5,COM2024CM21070086,Campuslands,no asignado,Salon Skylab
327,966217823,TE0119,Compumax,Equipo de computo,teclado,60000,Compumax Computer,Teclado - Bodg50 - 4051 -900 - 0005R5,CK440U-11025,Campuslands,no asignado,Salon Skylab
327,966217823,MO0119,Compumax,Equipo de computo,mouse,50000,Compumax Computer,Mouse - Bodg50 - 4051 -900 - 0005R5,Sin serial ,Campuslands,no asignado,Salon Skylab
327,966217823,CPU0121,Compumax,Equipo de computo,cpu,2000000,Compumax Computer,CPU - Bodg50 - 4051 -900 - 0005R5,500SN32619,Campuslands,no asignado,Salon Skylab
327,966217823,MON0120,Compumax,Equipo de computo,monitor,700000,Compumax Computer,Monitor - Bodg50 - 4051 -900 - 0005R5,COM2024CM21070669,Campuslands,no asignado,Salon Skylab
327,966217823,TE0120,Compumax,Equipo de computo,teclado,60000,Compumax Computer,Teclado - Bodg50 - 4051 -900 - 0005R5,CK440U-10930,Campuslands,no asignado,Salon Skylab
327,966217823,MO0120,Compumax,Equipo de computo,mouse,50000,Compumax Computer,Mouse - Bodg50 - 4051 -900 - 0005R5,Sin serial ,Campuslands,no asignado,Salon Skylab
327,966217823,CPU0122,Compumax,Equipo de computo,cpu,2000000,Compumax Computer,CPU - Bodg50 - 4051 -900 - 0005R5,500SN32575,Campuslands,no asignado,Salon Skylab
327,966217823,MON0121,Compumax,Equipo de computo,monitor,700000,Compumax Computer,Monitor - Bodg50 - 4051 -900 - 0005R5,COM2024CM21070692,Campuslands,no asignado,Salon Skylab
327,966217823,TE0121,Compumax,Equipo de computo,teclado,60000,Compumax Computer,Teclado - Bodg50 - 4051 -900 - 0005R5,CK440U-10929,Campuslands,no asignado,Salon Skylab
327,966217823,MO0121,Compumax,Equipo de computo,mouse,50000,Compumax Computer,Mouse - Bodg50 - 4051 -900 - 0005R5,Sin serial ,Campuslands,no asignado,Salon Skylab
327,966217823,CPU0123,Compumax,Equipo de computo,cpu,2000000,Compumax Computer,CPU - Bodg50 - 4051 -900 - 0005R5,500SN32595,Campuslands,no asignado,Sala asesoria
327,966217823,MON0122,Compumax,Equipo de computo,monitor,700000,Compumax Computer,Monitor - Bodg50 - 4051 -900 - 0005R5,COM2024CM21070057,Campuslands,no asignado,Sala asesoria
327,966217823,TE0122,Compumax,Equipo de computo,teclado,60000,Compumax Computer,Teclado - Bodg50 - 4051 -900 - 0005R5,CK440U-10760,Campuslands,no asignado,Sala asesoria
327,966217823,MO0122,Compumax,Equipo de computo,mouse,50000,Compumax Computer,Mouse - Bodg50 - 4051 -900 - 0005R5,Sin serial ,Campuslands,no asignado,Sala asesoria
327,966217823,CPU0124,Compumax,Equipo de computo,cpu,2000000,Compumax Computer,CPU - Bodg50 - 4051 -900 - 0005R5,500SN32604,Campuslands,no asignado,Sala asesoria
327,966217823,MON0123,Compumax,Equipo de computo,monitor,700000,Compumax Computer,Monitor - Bodg50 - 4051 -900 - 0005R5,COM2024CM21070575,Campuslands,no asignado,Sala asesoria
327,966217823,TE0123,Compumax,Equipo de computo,teclado,60000,Compumax Computer,Teclado - Bodg50 - 4051 -900 - 0005R5,CK440U-10656,Campuslands,no asignado,Sala asesoria